;2016-10-31 05:00;16;16;"CO2 in oceans sets off an ice age every 100,000 years, says study http://www. ndtv.com/world-news/co2 -in-oceans-sets-off-an-ice-age-every-100-000-years-says-study-1586695?gp … pic.twitter.com/rLGcOv8FI6";;;;"792871209784467456";https://twitter.com/ndtv/status/792871209784467456
;2016-10-31 04:00;6;9;"Donald Trump turns up heat over Hillary Clinton email probe http://www. ndtv.com/world-news/don ald-trump-turns-up-heat-over-hillary-clinton-email-probe-1586704 … pic.twitter.com/Xle46eFZHf";;;;"792856106104070144";https://twitter.com/ndtv/status/792856106104070144
;2016-10-31 03:00;8;20;"First-ever fitness club for women opens in Kabul http://www. ndtv.com/world-news/fir st-ever-fitness-club-for-women-opens-in-kabul-1586662 … pic.twitter.com/O0ji9iInm4";;;;"792841006211301376";https://twitter.com/ndtv/status/792841006211301376
;2016-10-31 02:00;5;9;". @realDonaldTrump 's inner circle: family, but few friends http://www. ndtv.com/world-news/don ald-trumps-inner-circle-family-but-few-friends-1586618 … pic.twitter.com/hHwbwRAlAE";;@realDonaldTrump;;"792825909380120576";https://twitter.com/ndtv/status/792825909380120576
;2016-10-31 01:00;4;9;"South Korea's 'female rasputin' returns to face scandal http://www. ndtv.com/world-news/sou th-koreas-female-rasputin-returns-to-face-scandal-1586720 … pic.twitter.com/PLxGFUVHqb";;;;"792810809680273408";https://twitter.com/ndtv/status/792810809680273408
;2016-10-31 00:00;6;16;"'Sorry I was being stupid,' He said in a farewell video after crashing - then came his 'miracle' http://www. ndtv.com/world-news/sor ry-i-was-being-stupid-he-said-in-a-farewell-video-after-crashing-then-came-his-miracle-1586750 … pic.twitter.com/rG0Ci0278y";;;;"792795711716851714";https://twitter.com/ndtv/status/792795711716851714
;2016-10-30 23:30;14;35;"Pakistan to free on bail National Geographic 'Afghan girl' http://www. ndtv.com/world-news/pak istan-to-free-on-bail-national-geographic-afghan-girl-1586755 … pic.twitter.com/E54kOyRruo";;;;"792788175118827520";https://twitter.com/ndtv/status/792788175118827520
;2016-10-30 23:03;20;31;"Massive fire at Mehta Mansion near Dreamland Theatre in south Mumbai, 12 fire engines at spot http://www. ndtv.com/mumbai-news/fi re-near-dreamland-theatre-in-south-mumbais-girgaum-12-fire-engines-at-spot-1586764 … pic.twitter.com/hUqZcqCE43";;;;"792781449539616768";https://twitter.com/ndtv/status/792781449539616768
;2016-10-30 22:00;15;30;"Saudi-led strikes on Yemen detention centre killed 60 http://www. ndtv.com/world-news/sau di-led-strikes-on-yemen-detention-centre-killed-60-1586734 … pic.twitter.com/wAgaeFUAIl";;;;"792765510974865408";https://twitter.com/ndtv/status/792765510974865408
;2016-10-30 21:35;22;42;"Watch | India celebrates #Diwali with lights and fireworks http://www. ndtv.com/video/news/new s/india-celebrates-diwali-with-lights-and-fireworks-436877 …";;;#Diwali;"792759222048059392";https://twitter.com/ndtv/status/792759222048059392
;2016-10-30 21:30;10;15;"Pakistan to probe ex-minister for leaking news maligning army http://www. ndtv.com/world-news/pak istan-to-probe-ex-minister-for-leaking-news-maligning-army-1586744 … pic.twitter.com/1WXw0Dxn5i";;;;"792757969813331968";https://twitter.com/ndtv/status/792757969813331968
;2016-10-30 21:17;31;85;"Lead story now on http:// NDTV.com https:// goo.gl/4J46rO pic.twitter.com/4FYoIAN89V";;;;"792754867961901056";https://twitter.com/ndtv/status/792754867961901056
;2016-10-30 21:14;25;55;"Nearly 100 minor fires reported in Delhi on #Diwali , no casualties http://www. ndtv.com/delhi-news/nea rly-100-minor-fires-reported-in-delhi-on-diwali-no-casualties-1586751 … pic.twitter.com/S3uI9PV17f";;;#Diwali;"792753936637661184";https://twitter.com/ndtv/status/792753936637661184
;2016-10-30 20:51;31;51;"Pakistan violates ceasefire along the International Border in RS Pura and Hiranagar sectors in Jammu and Kashmir";;;;"792748373069619201";https://twitter.com/ndtv/status/792748373069619201
;2016-10-30 20:43;29;87;"On Kali Puja, 75 Chinese 'soldiers' guard the Goddess in Kolkata http://www. ndtv.com/kolkata-news/o n-kali-puja-75-chinese-soldiers-guard-the-goddess-in-kolkata-1586748 … pic.twitter.com/aXIBTBHr5W";;;;"792746322407206912";https://twitter.com/ndtv/status/792746322407206912
;2016-10-30 20:18;23;37;"Syrian state media say militants fire poison gas in Aleppo http://www. ndtv.com/world-news/syr ian-state-media-say-militants-fire-poison-gas-in-aleppo-1586740 … pic.twitter.com/QTx1xo9BGx";;;;"792739951393726464";https://twitter.com/ndtv/status/792739951393726464
;2016-10-30 20:16;12;43;"Top stories now on http:// NDTV.com pic.twitter.com/1ctiJFWTa6";;;;"792739448186220544";https://twitter.com/ndtv/status/792739448186220544
;2016-10-30 20:00;15;12;"Italy reels as new earthquake sows terror, flattens historic basilica http://www. ndtv.com/world-news/ita ly-reels-as-new-earthquake-sows-terror-flattens-historic-basilica-1586715 … pic.twitter.com/bwao87qyST";;;;"792735313843986434";https://twitter.com/ndtv/status/792735313843986434
;2016-10-30 19:42;11;16;"Fire in residential building in Mumbai, no casualties reported http://www. ndtv.com/mumbai-news/fi re-in-residential-building-in-mumbai-no-casualties-reported-1586724 … pic.twitter.com/n3rW1Kybib";;;;"792731014715944961";https://twitter.com/ndtv/status/792731014715944961
;2016-10-30 19:35;35;124;"Lead story now on http:// NDTV.com http:// sports.ndtv.com/news/india-vs- pakistan-asian-champions-trophy-hockey-final-live-score-hockey-1586705 … pic.twitter.com/PcnHmeJrKD";;;;"792729166068101120";https://twitter.com/ndtv/status/792729166068101120
;2016-10-30 18:58;27;124;"5,500 crore paid as first OROP instalment: PM @narendramodi http://www. ndtv.com/india-news/rs- 5-500-crore-paid-as-first-orop-instalment-pm-modi-1586730 … pic.twitter.com/34L0551jo0";;@narendramodi;;"792719718826201088";https://twitter.com/ndtv/status/792719718826201088
;2016-10-30 18:49;33;80;"19 Lashkar-e-Taiba terrorists killed in airstrikes in Afghanistan http://www. ndtv.com/world-news/19- lashkar-e-taiba-terrorists-killed-in-airstrikes-in-afghanistan-1586723 … pic.twitter.com/Jh7tfOWRFE";;;;"792717580720967680";https://twitter.com/ndtv/status/792717580720967680
;2016-10-30 18:31;10;43;"PM @narendramodi takes up killing of Indian-origin bus driver with Australian counterpart http://www. ndtv.com/india-news/pm- modi-takes-up-killing-of-indian-origin-bus-driver-with-australian-counterpart-1586721 … pic.twitter.com/8UpSSXCObA";;@narendramodi;;"792712962901368834";https://twitter.com/ndtv/status/792712962901368834
;2016-10-30 18:28;8;17;"6 injured in stampede at @yadavakhilesh 's Janata Durbar in Saifai http://www. ndtv.com/india-news/6-i njured-in-stampede-at-akhilesh-yadavs-janata-durbar-in-saifai-1586722 … pic.twitter.com/Td9ENVwayg";;@yadavakhilesh;;"792712325077708800";https://twitter.com/ndtv/status/792712325077708800
;2016-10-30 18:27;33;23;"3 schools set on fire in last 24 hours in Jammu and Kashmir http://www. ndtv.com/india-news/ano ther-school-set-on-fire-in-kashmir-third-since-yesterday-1586725 … pic.twitter.com/BxotpESDAp";;;;"792712015743635457";https://twitter.com/ndtv/status/792712015743635457
;2016-10-30 18:26;6;23;"Lead story now on http:// NDTV.com pic.twitter.com/lCisfRqvPK";;;;"792711819253026816";https://twitter.com/ndtv/status/792711819253026816
;2016-10-30 18:09;10;37;"US, Russian, Japanese astronauts return from ISS http://www. ndtv.com/world-news/us- russian-japanese-astronauts-return-from-iss-1586712 … pic.twitter.com/lzTWaiRkR5";;;;"792707537816563712";https://twitter.com/ndtv/status/792707537816563712
;2016-10-30 18:07;8;16;"Minor girl raped, Then brutally murdered in Uttar Pradesh's Banda http://www. ndtv.com/india-news/min or-girl-raped-then-brutally-murdered-in-uttar-pradeshs-banda-1586714 … pic.twitter.com/Lr3ouuaEhw";;;;"792706989709078528";https://twitter.com/ndtv/status/792706989709078528
;2016-10-30 17:41;28;70;"PM Modi takes up killing of Indian-origin bus driver, set on fire by a passenger in Brisbane, with his Australian counterpart";;;;"792700527419154434";https://twitter.com/ndtv/status/792700527419154434
;2016-10-30 17:30;4;11;"ISIS claims to be behind mid-October Hamburg teen murder http://www. ndtv.com/world-news/isi s-claims-to-be-behind-mid-october-hamburg-teen-murder-1586709 … pic.twitter.com/tndZFp5uCW";;;;"792697801608093696";https://twitter.com/ndtv/status/792697801608093696
;2016-10-30 17:30;13;25;"Emirati police find strange fruit covered in writing, nails http://www. ndtv.com/world-news/emi rati-police-find-strange-fruit-covered-in-writing-nails-1586697 … pic.twitter.com/HK36mAgIi3";;;;"792697588835246080";https://twitter.com/ndtv/status/792697588835246080
;2016-10-30 17:28;40;85;"Tributes paid for Border Security Force jawan killed along LoC http://www. ndtv.com/india-news/tri butes-paid-for-border-security-force-jawan-killed-along-loc-1586706 … pic.twitter.com/K4HRdkDaJ2";;;;"792697101390012417";https://twitter.com/ndtv/status/792697101390012417
;2016-10-30 17:20;3;22;"Top stories now on http:// NDTV.com pic.twitter.com/Z99j7puzsC";;;;"792695054892576768";https://twitter.com/ndtv/status/792695054892576768
;2016-10-30 17:18;57;68;"School set on fire in Jammu and Kashmir's Anantnag. Over 20 schools have been burnt in the state in last 2 months; 3 since yesterday";;;;"792694778429214720";https://twitter.com/ndtv/status/792694778429214720
;2016-10-30 16:04;15;41;"In border villages of Jammu, life is measured by shells that missed http://www. ndtv.com/india-news/in- border-villages-of-jammu-life-is-measured-by-shells-that-missed-1586681 … pic.twitter.com/at6Ft4kjuN";;;;"792675964387864576";https://twitter.com/ndtv/status/792675964387864576
;2016-10-30 15:27;9;42;"Chandrasekhar Rao to build Vaastu-compliant Telangana secretariat http://www. ndtv.com/telangana-news /chandrasekhar-rao-to-build-vaastu-compliant-telangana-secretariat-1586680 … pic.twitter.com/Y1Tab3oPgh";;;;"792666614273413121";https://twitter.com/ndtv/status/792666614273413121
;2016-10-30 15:18;8;19;"Turkey fires another 10,000 civil servants in post-coup purge http://www. ndtv.com/world-news/tur key-fires-another-10-000-civil-servants-in-post-coup-purge-1586677 … pic.twitter.com/bcWPzZZWeT";;;;"792664375991513089";https://twitter.com/ndtv/status/792664375991513089
;2016-10-30 14:45;9;101;"PM @narendramodi remembers Vallabhbhai Patel in Mann Ki Baat http://www. ndtv.com/india-news/pm- modi-remembers-vallabhbhai-patel-in-mann-ki-baat-1586665 … pic.twitter.com/VfMO22mdnS";;@narendramodi;;"792656236219027456";https://twitter.com/ndtv/status/792656236219027456
;2016-10-30 14:20;8;29;"Justice Department advised FBI against @HillaryClinton email letter http://www. ndtv.com/world-news/jus tice-department-advised-fbi-against-hillary-clinton-email-letter-1586653 … pic.twitter.com/bCZYjL1mw4";;@HillaryClinton;;"792649890325159936";https://twitter.com/ndtv/status/792649890325159936
;2016-10-30 14:16;3;17;". @JustinTrudeau 's Belgium-bound plane suffers mechanical woes http://www. ndtv.com/world-news/jus tin-trudeaus-belgium-bound-plane-suffers-mechanical-woes-1586654 … pic.twitter.com/K7K9iesreY";;@JustinTrudeau;;"792648987018801152";https://twitter.com/ndtv/status/792648987018801152
;2016-10-30 14:04;12;40;"Now, gold coins for culling stray dogs in Kerala http://www. ndtv.com/kerala-news/no w-gold-coins-for-culling-stray-dogs-in-kerala-1586664 … pic.twitter.com/hUQ3qimc6q";;;;"792645753650880513";https://twitter.com/ndtv/status/792645753650880513
;2016-10-30 14:02;10;43;"Lead story now on http:// NDTV.com : https:// goo.gl/wKZ5lq pic.twitter.com/PeNX8fx2Sd";;;;"792645444715241472";https://twitter.com/ndtv/status/792645444715241472
;2016-10-30 13:58;4;52;"Lead story now on http:// NDTV.com pic.twitter.com/yxg9hjELxL";;;;"792644343106371584";https://twitter.com/ndtv/status/792644343106371584
;2016-10-30 13:37;1;33;"Top stories now on http:// NDTV.com pic.twitter.com/iBhYtIOJZ3";;;;"792639166186041344";https://twitter.com/ndtv/status/792639166186041344
;2016-10-30 13:36;7;27;"Union Minister @DrJitendraSingh terms mutilation of soldier's body as 'atrocious' http://www. ndtv.com/india-news/uni on-minister-jitendra-singh-terms-mutilation-of-soldiers-body-as-atrocious-1586655 … pic.twitter.com/3yheicKFhZ";;@DrJitendraSingh;;"792638774475751425";https://twitter.com/ndtv/status/792638774475751425
;2016-10-30 13:15;66;265;"PM @narendramodi meets jawans of the ITBP, Indian Army and Dogra Scouts in Kinnaur, Himachal Pradesh (Pics: ANI) pic.twitter.com/tj6wDGeiKk";;@narendramodi;;"792633584397844480";https://twitter.com/ndtv/status/792633584397844480
;2016-10-30 13:07;6;71;"Happy over progress on open defecation free India: PM @narendramodi http://www. ndtv.com/india-news/hap py-over-progress-on-open-defecation-free-india-pm-modi-1586652 … pic.twitter.com/OkQ1e5jRHs";;@narendramodi;;"792631375585120256";https://twitter.com/ndtv/status/792631375585120256
;2016-10-30 13:06;11;24;"#Earthquake measuring 7.1 magnitude strikes central Italy http://www. ndtv.com/world-news/ear thquake-measuring-7-1-magnitude-strikes-central-italy-1586648 … pic.twitter.com/ehNTzpREyb";;;#Earthquake;"792631140313997312";https://twitter.com/ndtv/status/792631140313997312
;2016-10-30 13:04;18;63;"Security forces launch anti-terror operations in Kashmir's Kupwara http://www. ndtv.com/india-news/sec urity-forces-launch-anti-terror-operations-in-kashmirs-kupwara-1586646 … pic.twitter.com/SfRuFuOiyH";;;;"792630628936130560";https://twitter.com/ndtv/status/792630628936130560
;2016-10-30 13:02;5;32;"Top stories now on http:// NDTV.com pic.twitter.com/OaLW3IlKms";;;;"792630301507801088";https://twitter.com/ndtv/status/792630301507801088
;2016-10-30 12:25;8;34;"Army, police launch joint operation at Kandi in Jammu and Kashmir's Kupawara after tip-off about presence of terrorists";;;;"792621011506110465";https://twitter.com/ndtv/status/792621011506110465
;2016-10-30 12:24;42;56;"#Earthquake measuring 7.1 magnitude strikes central Italy: Reuters";;;#Earthquake;"792620780831989761";https://twitter.com/ndtv/status/792620780831989761
;2016-10-30 11:36;29;96;"This #Diwali is dedicated to armed forces: PM @narendramodi on #MannKiBaat http://www. ndtv.com/video/news/new s/this-diwali-is-dedicated-to-armed-forces-pm-modi-on-mann-ki-baat-436826 …";;@narendramodi;#Diwali #MannKiBaat;"792608573553385472";https://twitter.com/ndtv/status/792608573553385472
;2016-10-30 11:34;10;68;"Sardar Patel has a rich contribution in strengthening the cooperative movement in India. He was always dedicated to farmer welfare: PM Modi";;;;"792608074494201856";https://twitter.com/ndtv/status/792608074494201856
;2016-10-30 11:33;64;152;"PM @narendramodi while addressing nation on radio programme #MannKiBaat #Sandesh2Soldiers pic.twitter.com/tXJQWNhqre";;@narendramodi;#MannKiBaat #Sandesh2Soldiers;"792607886765461504";https://twitter.com/ndtv/status/792607886765461504
;2016-10-30 11:23;5;16;"States are making good progress in becoming open defecation free: PM @narendramodi #MannKiBaat LIVE http:// ndtv.com/live";;@narendramodi;#MannKiBaat;"792605224149987328";https://twitter.com/ndtv/status/792605224149987328
;2016-10-30 11:19;24;78;"PM @narendramodi addresses nation on radio programme #MannKiBaat #Diwali #Sandesh2Soldiers pic.twitter.com/bVVDGeZf5V";;@narendramodi;#MannKiBaat #Diwali #Sandesh2Soldiers;"792604387084427264";https://twitter.com/ndtv/status/792604387084427264
;2016-10-30 11:13;3;20;"People from all walks of life shared #Sandesh2Soldiers : PM @narendramodi #MannKiBaat LIVE: http:// ndtv.com/live";;@narendramodi;#Sandesh2Soldiers #MannKiBaat;"792602891936595969";https://twitter.com/ndtv/status/792602891936595969
;2016-10-30 11:13;40;111;"This #Diwali is dedicated to armed forces. There's not one child in the country who doesn’t have unbounded respect, love for them: PM Modi";;;#Diwali;"792602770708717568";https://twitter.com/ndtv/status/792602770708717568
;2016-10-30 11:11;22;46;"Everyone hails the rising sun but #ChhathPuja celebrates the setting sun, there’s a social message in this: PM @narendramodi #MannKiBaat";;@narendramodi;#ChhathPuja #MannKiBaat;"792602429330108417";https://twitter.com/ndtv/status/792602429330108417
;2016-10-30 11:09;2;19;"I appeal to the parents to supervise their children as they light fireworks: PM @narendramodi #MannKiBaat";;@narendramodi;#MannKiBaat;"792601855310241792";https://twitter.com/ndtv/status/792601855310241792
;2016-10-30 11:09;5;29;"Sometimes young people get carried away while lighting fireworks, they invite danger, this worries me: PM @narendramodi #MannKiBaat";;@narendramodi;#MannKiBaat;"792601747365605376";https://twitter.com/ndtv/status/792601747365605376
;2016-10-30 11:08;4;23;"#Diwali is not limited to India’s shores any more, it is celebrated worldwide: PM @narendramodi #MannKiBaat LIVE: http:// ndtv.com/live";;@narendramodi;#Diwali #MannKiBaat;"792601510047719424";https://twitter.com/ndtv/status/792601510047719424
;2016-10-30 11:07;5;13;"But the need of the hour is not just to clean our house, but also our neighbourhood: PM @narendramodi #MannKiBaat";;@narendramodi;#MannKiBaat;"792601297010647040";https://twitter.com/ndtv/status/792601297010647040
;2016-10-30 11:06;13;52;"#Diwali is a festival that is also associated with cleanliness. Everybody cleans their homes: PM @narendramodi #MannKiBaat";;@narendramodi;#Diwali #MannKiBaat;"792601146586042368";https://twitter.com/ndtv/status/792601146586042368
;2016-10-30 11:05;6;18;"#Diwali gives us the message to shed darkness and walk towards light: PM @narendramodi #MannKiBaat LIVE: http:// ndtv.com/live";;@narendramodi;#Diwali #MannKiBaat;"792600780649795584";https://twitter.com/ndtv/status/792600780649795584
;2016-10-30 11:04;4;26;"The world is speaking about environment today, our festivals have always celebrated our links to nature: PM @narendramodi #MannKiBaat";;@narendramodi;#MannKiBaat;"792600588383027200";https://twitter.com/ndtv/status/792600588383027200
;2016-10-30 11:03;2;19;"India’s festivities are linked to one principle - to connect oneself to the higher being: PM @narendramodi #MannKiBaat";;@narendramodi;#MannKiBaat;"792600223088455680";https://twitter.com/ndtv/status/792600223088455680
;2016-10-30 11:01;4;17;"PM @narendramodi is addressing nation on his monthly radio programme #MannKiBaat LIVE: http:// ndtv.com/live";;@narendramodi;#MannKiBaat;"792599859425447936";https://twitter.com/ndtv/status/792599859425447936
;2016-10-30 10:55;10;70;"PM @narendramodi to address nation shortly on his monthly radio programme #MannKiBaat pic.twitter.com/HXot5aGYQP";;@narendramodi;#MannKiBaat;"792598344287657984";https://twitter.com/ndtv/status/792598344287657984
;2016-10-30 10:39;16;54;"'Unauthorised drone activity' halts traffic at Dubai airport http://www. ndtv.com/world-news/dro ne-halts-traffic-at-dubai-airport-1586626 … pic.twitter.com/zm2wkKZrZ8";;;;"792594279893872640";https://twitter.com/ndtv/status/792594279893872640
;2016-10-30 10:38;5;19;"#Diwali special: What is the best mode of investment? http://www. ndtv.com/video/news/the -big-fight/big-fight-diwali-special-what-is-the-best-mode-of-investment-436791 …";;;#Diwali;"792594046296338432";https://twitter.com/ndtv/status/792594046296338432
;2016-10-30 10:37;2;16;"Top stories now on http:// NDTV.com pic.twitter.com/ZDSSO7imvh";;;;"792593833880014852";https://twitter.com/ndtv/status/792593833880014852
;2016-10-30 10:33;4;30;". @HillaryClinton gets Jennifer Lopez ( @JLo ) boost in Miami http://www. ndtv.com/world-news/hil lary-clinton-gets-jennifer-lopez-boost-in-miami-1586624 … pic.twitter.com/gNuHfEUHqL";;@HillaryClinton @JLo;;"792592675702575104";https://twitter.com/ndtv/status/792592675702575104
;2016-10-30 10:29;12;34;"PM @narendramodi to address the nation on radio programme #MannKiBaat today http://www. ndtv.com/india-news/pm- modi-to-address-the-nation-on-radio-programme-mann-ki-baat-today-1586614 … pic.twitter.com/aN0waeQ5pV";;@narendramodi;#MannKiBaat;"792591832731443200";https://twitter.com/ndtv/status/792591832731443200
;2016-10-30 10:26;11;24;"Russia ousted from UN Human Rights Council in historic vote http://www. ndtv.com/world-news/rus sia-ousted-from-un-human-rights-council-in-historic-vote-1586607 … pic.twitter.com/NTQ0SVS2fP";;;;"792591055694667781";https://twitter.com/ndtv/status/792591055694667781
;2016-10-30 09:49;7;32;"Top stories now on http:// NDTV.com pic.twitter.com/FuMGmr5s1p";;;;"792581613787881472";https://twitter.com/ndtv/status/792581613787881472
;2016-10-30 09:44;79;203;"#InPics | Stunning photos of #Diwali celebrations across the world http://www. ndtv.com/photos/news/st unning-photos-of-diwali-celebrations-across-the-world-23162#photo-288788 … pic.twitter.com/jd8ABkSFYj";;;#InPics #Diwali #photo;"792580300052140032";https://twitter.com/ndtv/status/792580300052140032
;2016-10-30 09:10;5;18;"Maharashtra's Aundh music mahotsav - a festival of rural ragas http://www. ndtv.com/video/news/new s/maharashtra-s-aundh-music-mahotsav-a-festival-of-rural-ragas-436814 …";;;;"792571879831707648";https://twitter.com/ndtv/status/792571879831707648
;2016-10-30 08:51;28;79;"Pak should be given 'fitting reply', says soldier Mandeep Singh's father http://www. ndtv.com/india-news/pak -should-be-given-fitting-reply-says-soldier-mandeep-singhs-father-1586477 … pic.twitter.com/hR6ojEBg2U";;;;"792567078242746368";https://twitter.com/ndtv/status/792567078242746368
;2016-10-30 08:17;14;35;". @elonmusk reveals solar roof made of glass tiles in L.A. http://www. ndtv.com/world-news/elo n-musk-reveals-solar-roof-made-of-glass-tiles-in-l-a-1586608 … pic.twitter.com/e6nQCekyuE";;@elonmusk;;"792558490589900800";https://twitter.com/ndtv/status/792558490589900800
;2016-10-30 08:13;14;31;"Jesus's tomb opened for first time in centuries http://www. ndtv.com/world-news/jes uss-tomb-opened-for-first-time-in-centuries-1586598 … pic.twitter.com/txKy5yjxNr";;;;"792557551242010624";https://twitter.com/ndtv/status/792557551242010624
;2016-10-30 07:00;6;17;"Nobel panel signals desire for Bob Dylan song at ceremony http://www. ndtv.com/world-news/nob el-panel-signals-desire-for-bob-dylan-song-at-ceremony-1586517 … pic.twitter.com/wHb6HGHiaO";;;;"792539016717447168";https://twitter.com/ndtv/status/792539016717447168
;2016-10-30 06:00;5;21;"Emma Morano, world's oldest person and egg fanatic http://www. ndtv.com/world-news/emm a-morano-worlds-oldest-person-and-egg-fanatic-1586535 … pic.twitter.com/LCoCbKFjJP";;;;"792523920352083968";https://twitter.com/ndtv/status/792523920352083968
;2016-10-30 05:30;1;9;"24-year-old killed in road mishap in Uttar Pradesh http://www. ndtv.com/india-news/24- year-old-killed-in-road-mishap-in-uttar-pradesh-1586560 … pic.twitter.com/24u18deww6";;;;"792516365802319872";https://twitter.com/ndtv/status/792516365802319872
;2016-10-31 04:57;29;109;"PM spends Diwali with troops, gives call to defeat separatist mindset http:// timesofindia.indiatimes.com/india/PM-spend s-Diwali-with-troops-gives-call-to-defeat-separatist-mindset/articleshow/55146782.cms … pic.twitter.com/OW7sL3eE5C";;;;"792870673186029568";https://twitter.com/timesofindia/status/792870673186029568
;2016-10-31 04:08;9;39;"Diwali goodwill alive on Gujarat-Pakistan border http:// timesofindia.indiatimes.com/india/Diwali-g oodwill-alive-on-Gujarat-Pakistan-border/articleshow/55145923.cms … pic.twitter.com/U95hyy5PJE";;;;"792858120678539265";https://twitter.com/timesofindia/status/792858120678539265
;2016-10-31 03:41;7;41;"Awareness in kids lights up Diwali, cuts down the din http:// timesofindia.indiatimes.com/city/mumbai/Aw areness-in-kids-lights-up-Diwali-cuts-down-the-din/articleshow/55145595.cms … pic.twitter.com/L2A8ztH6ex";;;;"792851322751987712";https://twitter.com/timesofindia/status/792851322751987712
;2016-10-31 03:10;4;12;"Hurriyat faction fears border skirmishes can escalate to war http:// timesofindia.indiatimes.com/india/Hurriyat -faction-fears-border-skirmishes-can-escalate-to-war/articleshow/55146153.cms … pic.twitter.com/w4wgMgjqcn";;;;"792843523057909760";https://twitter.com/timesofindia/status/792843523057909760
;2016-10-31 02:47;6;20;"Italy quake flattens historic church http:// timesofindia.indiatimes.com/world/europe/I taly-quake-flattens-historic-church/articleshow/55146348.cms … pic.twitter.com/nDe83oDace";;;;"792837735153274881";https://twitter.com/timesofindia/status/792837735153274881
;2016-10-31 02:17;21;22;"Mumbai: Five-hour airport shutdown may hit evening flights http:// timesofindia.indiatimes.com/india/Mumbai-F ive-hour-shutdown-airport-may-hit-evening-flights/articleshow/55145596.cms … pic.twitter.com/1nY1sWoxUl";;;;"792830234819125249";https://twitter.com/timesofindia/status/792830234819125249
;2016-10-30 23:45;15;44;"What would 100 days of a @HillaryClinton White House look like? http:// toi.in/XKY6lb pic.twitter.com/tkXXXZP9Ps";;@HillaryClinton;;"792791934121181184";https://twitter.com/timesofindia/status/792791934121181184
;2016-10-30 23:30;16;97;"This is how much ' @AeDilHaiMushkil ' collected overseas http:// toi.in/6VbFyY via @TOIEntertain pic.twitter.com/z8wjTM2SHO";;@AeDilHaiMushkil @TOIEntertain;;"792788174556717056";https://twitter.com/timesofindia/status/792788174556717056
;2016-10-30 23:15;7;38;"Amy Adams' daughter doesn't think she can be rock 'n' roll star http:// toi.in/xVxBnZ via @TOIEntertain pic.twitter.com/4ylAVkjQZX";;@TOIEntertain;;"792784383862112256";https://twitter.com/timesofindia/status/792784383862112256
;2016-10-30 23:00;31;64;"4 stretches you must do every morning http:// toi.in/lkdZyY pic.twitter.com/dJWlxl3fLL";;;;"792780613543616512";https://twitter.com/timesofindia/status/792780613543616512
;2016-10-30 22:45;10;31;"Body of woman branded as witch exhumed, 5 held http:// toi.in/cTOJOb via @TOICitiesNews pic.twitter.com/ADziEz3kF7";;@TOICitiesNews;;"792776835247529986";https://twitter.com/timesofindia/status/792776835247529986
;2016-10-30 22:30;9;66;"More ‘shagun’ in Diwali card games nowadays http:// toi.in/vQ92eb via @TOICitiesNews pic.twitter.com/MzPlNUaTvg";;@TOICitiesNews;;"792773059233124353";https://twitter.com/timesofindia/status/792773059233124353
;2016-10-30 22:15;44;73;"After 28 years, official cleared of Rs 50 bribery charge http:// toi.in/0EtmIb89 via @TOIAhmedabad pic.twitter.com/k8wwR4JTCS";;@TOIAhmedabad;;"792769284632092674";https://twitter.com/timesofindia/status/792769284632092674
;2016-10-30 22:08;33;127;"'Are we worthy of a jawan's sacrifice?': Officer http:// toi.in/SVSdpZ pic.twitter.com/z2LEEhzxwH";;;;"792767608831356928";https://twitter.com/timesofindia/status/792767608831356928
;2016-10-30 22:00;19;85;"Here's how Kangana Ranaut will prepare for her Rani Lakshmi Bai biopic http:// toi.in/A75kwY via @TOIEntertain pic.twitter.com/LMjVCRpBrq";;@TOIEntertain;;"792765518209888256";https://twitter.com/timesofindia/status/792765518209888256
;2016-10-30 21:50;12;83;"PM @narendramodi , CJI guests for Delhi HC’s 50th anniversary http:// toi.in/613LlZ via @TOIDelhi pic.twitter.com/Tudtupzjto";;@narendramodi @TOIDelhi;;"792762992198717440";https://twitter.com/timesofindia/status/792762992198717440
;2016-10-30 21:30;19;49;"Northeast monsoon sets in over Tamil Nadu http:// toi.in/rX8itb26 via @TOIChennai pic.twitter.com/jp8J7yNPeQ";;@TOIChennai;;"792757967237947392";https://twitter.com/timesofindia/status/792757967237947392
;2016-10-30 21:15;28;69;"Delhi hospitals gear up for burn victims on Diwali http:// toi.in/ivC60b via @TOIDelhi pic.twitter.com/A9LoP1Ic9r";;@TOIDelhi;;"792754188635795457";https://twitter.com/timesofindia/status/792754188635795457
;2016-10-30 21:02;55;130;"'Are we worthy of a jawan's sacrifice?': Officer http:// timesofindia.indiatimes.com/india/Are-we-w orthy-of-a-jawans-sacrifice-Officer/articleshow/55143818.cms … pic.twitter.com/rzE6genTGD";;;;"792751111987834880";https://twitter.com/timesofindia/status/792751111987834880
;2016-10-30 21:00;4;23;". @RGVzoomin in no mood to celebrate #Diwali http:// toi.in/WrEqDb via @TOIEntertain pic.twitter.com/skZxI8Idm0";;@RGVzoomin @TOIEntertain;#Diwali;"792750412273029120";https://twitter.com/timesofindia/status/792750412273029120
;2016-10-30 20:59;13;38;"Ceasefire violation by Pakistan in RS Pura sector and Suchetgarh sector: ANI";;;;"792750332715503616";https://twitter.com/timesofindia/status/792750332715503616
;2016-10-30 20:45;10;24;"Steel bridge project is most transparent: Siddaramaiah http:// toi.in/uN9khb via @TOICitiesNews pic.twitter.com/iVzVd86v5t";;@TOICitiesNews;;"792746638351577089";https://twitter.com/timesofindia/status/792746638351577089
;2016-10-30 20:30;10;23;"12 entertainment-centric phones under Rs 20,000 http://www. gadgetsnow.com/slideshows/12- entertainment-centric-phones-under-rs-20000/12-smartphones-under-Rs-20000-that-are-entertainment-powerhouses/photolist/55131068.cms … pic.twitter.com/zNTyK22oNl";;;;"792742869316632579";https://twitter.com/timesofindia/status/792742869316632579
;2016-10-30 20:15;14;67;"This beauty queen was the initial choice for @iamsrk 's 'Raees', not @TheMahiraKhan http:// toi.in/F_XBaY via @TOIEntertain pic.twitter.com/bzmcBFsYEm";;@iamsrk @TheMahiraKhan @TOIEntertain;;"792739085467082752";https://twitter.com/timesofindia/status/792739085467082752
;2016-10-30 20:00;11;20;"Delhi Police head constable commits suicide http:// toi.in/730_8b via @TOIDelhi pic.twitter.com/y7dSgvCFsy";;@TOIDelhi;;"792735319456034816";https://twitter.com/timesofindia/status/792735319456034816
;2016-10-30 19:53;26;41;"JNU to have sombre #Diwali with sit-in, prayers for Najeeb http:// toi.in/Rq3KzZ via @TOIDelhi pic.twitter.com/aBsvNuBC3K";;@TOIDelhi;#Diwali;"792733655411990528";https://twitter.com/timesofindia/status/792733655411990528
;2016-10-30 19:45;15;33;"Islamic preacher Zakir Naik's father passes away http:// toi.in/otdoCY28 via @TOIMumbai pic.twitter.com/9XYZYlKGAX";;@TOIMumbai;;"792731534704992256";https://twitter.com/timesofindia/status/792731534704992256
;2016-10-30 19:32;56;134;"#BREAKING https:// twitter.com/TOISportsNews/ status/792728464994344960 …";;;#BREAKING;"792728502365663232";https://twitter.com/timesofindia/status/792728502365663232
;2016-10-30 19:30;3;32;"Katie Holmes: I know myself better because of Suri http:// toi.in/b5k-_Z89 via @TOIEntertain pic.twitter.com/IdchdWgwEy";;@TOIEntertain;;"792727775962550272";https://twitter.com/timesofindia/status/792727775962550272
;2016-10-30 19:21;30;42;"Another school building set on fire in Kashmir's Anantnag district http:// toi.in/184VIa (Picture courtesy: ANI) pic.twitter.com/EcdPZI7s5u";;;;"792725707113717760";https://twitter.com/timesofindia/status/792725707113717760
;2016-10-30 19:19;8;45;"Sensex off to flying start in Muhurat trading; climbs 154 points http:// toi.in/T2vQeb via @TOIBusiness (Representative image) pic.twitter.com/GxF7illhEQ";;@TOIBusiness;;"792725193240174592";https://twitter.com/timesofindia/status/792725193240174592
;2016-10-30 19:15;7;23;"Cops issue traffic advisory for guests at Haryana's golden jubilee celebrations http:// toi.in/FYJILb67 via @TOIGurgaon pic.twitter.com/lS7qytAEM7";;@TOIGurgaon;;"792723991089680385";https://twitter.com/timesofindia/status/792723991089680385
;2016-10-30 19:01;25;85;". @narendramodi takes up with Australia PM killing of Indian-origin bus driver http:// toi.in/-RxpMa79 pic.twitter.com/tn7JEZueiR";;@narendramodi;;"792720560451006465";https://twitter.com/timesofindia/status/792720560451006465
;2016-10-30 19:00;11;24;"Amateurs have the best ideas. A tattoo guy found a way to clean up an oil spill http:// toi.in/-hrtaY pic.twitter.com/rp2xJfIQrL";;;;"792720214559449088";https://twitter.com/timesofindia/status/792720214559449088
;2016-10-30 18:45;10;22;"Rebel rockets kill 38 civilians in Aleppo: Monitor http:// toi.in/g4vVGY via @TOIWorld pic.twitter.com/HeWuaE1NkH";;@TOIWorld;;"792716440759472128";https://twitter.com/timesofindia/status/792716440759472128
;2016-10-30 18:42;12;64;"Mahurat trading begins at Bombay Stock Exchange; #Sensex at 27,974.36, #Nifty above 8,650. (Picture: ANI) pic.twitter.com/xqYGopE80l";;;#Sensex #Nifty;"792715840357474304";https://twitter.com/timesofindia/status/792715840357474304
;2016-10-30 18:30;7;34;"Americans need to connect with their Sikh neighbours, Waris Ahluwalia says http:// toi.in/XelvaZ pic.twitter.com/9CMjX7YuSy";;;;"792712660425011200";https://twitter.com/timesofindia/status/792712660425011200
;2016-10-30 18:15;9;31;"On Nov 8, Americans will come out to vote holding their nose http:// toi.in/FRFTZb pic.twitter.com/wMz8C88Wc0";;;;"792708889758367745";https://twitter.com/timesofindia/status/792708889758367745
;2016-10-30 18:03;15;31;"Nawaz Sharif is pushing @narendramodi ’s agenda in Pakistan, alleges @ImranKhanPTI http:// toi.in/zswXBa via @TOIWorld pic.twitter.com/ft1D3FkqLg";;@narendramodi @ImranKhanPTI @TOIWorld;;"792705961492262912";https://twitter.com/timesofindia/status/792705961492262912
;2016-10-30 18:00;20;36;"When a poor kid goes from government to private school http:// toi.in/rds8Cb pic.twitter.com/lbIxfwjuCa";;;;"792705118051282944";https://twitter.com/timesofindia/status/792705118051282944
;2016-10-30 17:59;12;23;"Here's what happened throughout the day pic.twitter.com/5H9qgUAOGK";;;;"792704882020974593";https://twitter.com/timesofindia/status/792704882020974593
;2016-10-30 17:45;12;20;"Tainted ex-minister Eknath Khadse may be back in cabinet, hints CM @Dev_Fadnavis http:// toi.in/4XpVnZ via @TOIMumbai pic.twitter.com/eWfJCJl1Qr";;@Dev_Fadnavis @TOIMumbai;;"792701340367540224";https://twitter.com/timesofindia/status/792701340367540224
;2016-10-30 17:30;19;63;"Ekta Kapoor’s ‘star bahu’ @smritiirani attends her #Diwali bash http:// toi.in/rjDAha via @TOIEntertain pic.twitter.com/c8Wn1wGeyr";;@smritiirani @TOIEntertain;#Diwali;"792697565082972160";https://twitter.com/timesofindia/status/792697565082972160
;2016-10-30 17:16;12;34;"Stampede at UP CM @yadavakhilesh 's Janata Darbar programme http:// toi.in/6_Ur8Z via @TOILucknow pic.twitter.com/0WguGRLhyY";;@yadavakhilesh @TOILucknow;;"792694239146545152";https://twitter.com/timesofindia/status/792694239146545152
;2016-10-30 17:15;19;24;". @ImranKhanPTI accuses Prime Minister #NawazSharif of pursuing his Indian counterpart @narendramodi 's interests in Pakistan, reports PTI";;@ImranKhanPTI @narendramodi;#NawazSharif;"792693879241793536";https://twitter.com/timesofindia/status/792693879241793536
;2016-10-30 17:15;37;37;"'I live in a lie': Saudi Arabia women speak up http:// toi.in/xZX8Ab via @TOIWorld pic.twitter.com/BanNO4zFVu";;@TOIWorld;;"792693787893964800";https://twitter.com/timesofindia/status/792693787893964800
;2016-10-30 17:11;50;203;"I kept my promise on #OROP , says PM @narendramodi http:// toi.in/lYtGmb pic.twitter.com/spJbYVuhDu";;@narendramodi;#OROP;"792692994327449601";https://twitter.com/timesofindia/status/792692994327449601
;2016-10-30 17:02;31;38;"Govt school building set on fire in South Kashmir’s Anantnag district, major portion of the building damaged, reports news agency ANI.";;;;"792690689284775936";https://twitter.com/timesofindia/status/792690689284775936
;2016-10-30 17:00;12;21;"Now, gold coins for culling stray dogs in Kerala http:// toi.in/jrOrDY pic.twitter.com/ZWr5xypZmO";;;;"792690013485928449";https://twitter.com/timesofindia/status/792690013485928449
;2016-10-30 16:57;4;15;"6 injured in a stampede at @yadavakhilesh 's Janata Durbar rally in Etawah, reports news agency PTI.";;@yadavakhilesh;;"792689295270121472";https://twitter.com/timesofindia/status/792689295270121472
;2016-10-30 16:45;7;32;"Hobbies are dead. This gen’s got passion http:// toi.in/MtESKa25 pic.twitter.com/NqdaFC2Pjp";;;;"792686238650236928";https://twitter.com/timesofindia/status/792686238650236928
;2016-10-30 16:30;9;23;". @poojabeditweets ' column | Is your marriage disrespectful? http:// blogs.timesofindia.indiatimes.com/heartchakra/is -your-marriage-disrespectful/ … via @TOIOpinion pic.twitter.com/Djj1iToQVf";;@poojabeditweets @TOIOpinion;;"792682467807428608";https://twitter.com/timesofindia/status/792682467807428608
;2016-10-30 16:15;17;29;"These unsung Dalit writers fuelled BSP’s culture politics http:// toi.in/dXhuEa pic.twitter.com/ZtQZKaIuEU";;;;"792678685337722881";https://twitter.com/timesofindia/status/792678685337722881
;2016-10-30 16:13;13;25;"Fire broke out in Sai Niwas building, PD Mello Road in Mumbai. 8 fire engines, 5 tankers at the spot, reports news agency ANI";;;;"792678323465756672";https://twitter.com/timesofindia/status/792678323465756672
;2016-10-30 16:00;8;36;"I don't get upset or hurt by social media trolls, says @sakpataudi http:// toi.in/3LfvjY via @TOIEntertain pic.twitter.com/BCr0eMiPM1";;@sakpataudi @TOIEntertain;;"792674911764484096";https://twitter.com/timesofindia/status/792674911764484096
;2016-10-30 15:45;13;32;"9 apps you didn’t know you need http://www. gadgetsnow.com/apps/9-apps-yo u-didnt-know-you-need/articleshow/55133620.cms … via @gadgetsnow pic.twitter.com/fhejfcbbXN";;@gadgetsnow;;"792671137981489152";https://twitter.com/timesofindia/status/792671137981489152
;2016-10-30 15:30;32;103;"Happy Diwali: Karishma Tanna, Asha Negi, Sanjeeda step out in ethnic best http:// toi.in/MgA_8b via @toitv pic.twitter.com/o750Mtf8Xs";;@toitv;;"792667368463867904";https://twitter.com/timesofindia/status/792667368463867904
;2016-10-30 15:15;27;76;"In Haryana, they give up the ghoonghat and take selfies http:// toi.in/21o-iZ pic.twitter.com/JX6ibXw39L";;;;"792663588745994240";https://twitter.com/timesofindia/status/792663588745994240
;2016-10-30 15:00;45;142;". @Apple CEO @tim_cook wishes Happy #Diwali , shares Indian photographer's photos http://www. gadgetsnow.com/tech-news/Appl e-CEO-Tim-Cook-wishes-Happy-Diwali-shares-Indian-photographers-photos/articleshow/55139077.cms … via @gadgetsnow pic.twitter.com/UAIaD2otqf";;@Apple @tim_cook @gadgetsnow;#Diwali;"792659813800914945";https://twitter.com/timesofindia/status/792659813800914945
;2016-10-30 14:45;4;24;"In 2 months, child abuse e-box gets 68 complaints http:// toi.in/weD0bZ pic.twitter.com/fIuJWEJF1v";;;;"792656036238725120";https://twitter.com/timesofindia/status/792656036238725120
;2016-10-30 14:38;97;304;"PHOTOS: PM @narendramodi celebrates #Diwali with jawans http:// toi.in/YNBnmb pic.twitter.com/7B6ynKWFst";;@narendramodi;#Diwali;"792654351944724481";https://twitter.com/timesofindia/status/792654351944724481
;2016-10-30 14:36;20;99;"In my very first public meeting after I was declared PM candidate, I invited ex-servicemen in Rewari, I promised #OROP : @narendramodi pic.twitter.com/2BaQOeRIlt";;@narendramodi;#OROP;"792654016916303873";https://twitter.com/timesofindia/status/792654016916303873
;2016-10-30 14:35;47;165;"Crores of people lit diyas for jawans. Film stars, sports personalities, politicians, businessmen,farmers all had messages for jawans: Modi";;;;"792653663625895936";https://twitter.com/timesofindia/status/792653663625895936
;2016-10-30 14:30;19;30;"10 gadgets that may disappear in the next decade http://www. gadgetsnow.com/slideshows/10- gadgets-that-may-disappear-in-the-next-decade/10-gadgets-that-may-disappear-in-the-next-10-years/photolist/55133656.cms … pic.twitter.com/AoBpZZt4jr";;;;"792652269317521408";https://twitter.com/timesofindia/status/792652269317521408
;2016-10-30 14:29;64;192;"PM @narendramodi dedicates #Diwali to armed forces For more details http:// toi.in/h7UIFZ pic.twitter.com/W7jrk4YqDA";;@narendramodi;#Diwali;"792652075913977856";https://twitter.com/timesofindia/status/792652075913977856
;2016-10-30 14:28;11;22;"No reports of casualties in new Italy quake, news agency AFP quotes civil protection chief.";;;;"792651923740438528";https://twitter.com/timesofindia/status/792651923740438528
;2016-10-30 14:17;22;32;"Earthquake measuring 6.6 magnitude strikes central Italy http:// toi.in/u2JE1Z via @TOIWorld pic.twitter.com/E7XoTHVFy6";;@TOIWorld;;"792649190954315776";https://twitter.com/timesofindia/status/792649190954315776
;2016-10-30 14:15;6;23;"Armchair sleuths, don’t kill Monika Ghurde again http:// toi.in/ax4vRb pic.twitter.com/JUqITg7uEM";;;;"792648489922535424";https://twitter.com/timesofindia/status/792648489922535424
;2016-10-30 14:00;23;22;"18-year-old girl dragged out of bus, stabbed to death in Madhya Pradesh http:// toi.in/lsXwYa via @TOICitiesNews pic.twitter.com/VeuDfGswTy";;@TOICitiesNews;;"792644714407264256";https://twitter.com/timesofindia/status/792644714407264256
;2016-10-30 13:45;5;19;"A scandal too far? @HumaAbedin , @HillaryClinton , and a test of loyalty http:// toi.in/m77VaY pic.twitter.com/mIR3o9qWp5";;@HumaAbedin @HillaryClinton;;"792640937939861504";https://twitter.com/timesofindia/status/792640937939861504
;2016-10-30 13:30;15;31;"In 2 months, child abuse e-box gets 68 complaints http:// toi.in/weD0bZ pic.twitter.com/2ncpEE8dDu";;;;"792637163129171968";https://twitter.com/timesofindia/status/792637163129171968
;2016-10-30 13:15;9;23;". @MVenkaiahNaidu slams Cong, says govt striving to fill judges’ posts http:// toi.in/yqqybZ90 pic.twitter.com/0CeP21eAs6";;@MVenkaiahNaidu;;"792633389685743616";https://twitter.com/timesofindia/status/792633389685743616
;2016-10-30 13:08;89;234;"PM @narendramodi made unscheduled stop at Chango village, close to Somdu, to wish people on Diwali | ANI pic.twitter.com/IlLWhBGADu";;@narendramodi;;"792631764254457856";https://twitter.com/timesofindia/status/792631764254457856
;2016-10-30 13:06;77;276;"PHOTOS: PM @narendramodi meet jawans of the ITBP, Indian Army & Dogra Scouts in Himachal Pradesh. pic.twitter.com/RAhF1CMZTk";;@narendramodi;;"792631361211203584";https://twitter.com/timesofindia/status/792631361211203584
;2016-10-30 13:00;15;55;"On Nov 8, Americans will come out to vote holding their nose http:// toi.in/FRFTZb pic.twitter.com/ymml3FkU5t";;;;"792629616041009153";https://twitter.com/timesofindia/status/792629616041009153
;2016-10-30 12:50;48;168;"Our festivals carry strong message with them: PM @narendramodi pic.twitter.com/ghbSJb1gR2";;@narendramodi;;"792627271764840448";https://twitter.com/timesofindia/status/792627271764840448
;2016-10-30 12:48;34;99;"PM @narendramodi met jawans of the ITBP, Indian Army & Dogra Scouts in Sumdo, Kinnaur district of Himachal Pradesh, reports news agency ANI";;@narendramodi;;"792626624617324545";https://twitter.com/timesofindia/status/792626624617324545
;2016-10-30 12:45;5;14;"Vinita Dawra Nangia's blog | Must I bow to pressure? Should I? http:// blogs.timesofindia.indiatimes.com/O-zone/must-i- bow-to-pressure-should-i/ … via @TOIOpinion pic.twitter.com/XV0sintTH6";;@TOIOpinion;;"792625873450962944";https://twitter.com/timesofindia/status/792625873450962944
;2016-10-30 12:45;29;49;"Don't subject Army to 'petty politics' for partisan gains: Govt to Rahul Gandhi http:// toi.in/CT5HJZ pic.twitter.com/YLHdL6SrwE";;;;"792625839695200256";https://twitter.com/timesofindia/status/792625839695200256
;2016-10-30 12:32;41;42;"Earthquake measuring 7.1 magnitude strikes central Italy, reports news agency Reuters.";;;;"792622772681777152";https://twitter.com/timesofindia/status/792622772681777152
;2016-10-30 12:30;9;25;"Will an India-Pakistan offspring torpedo Hillary's hope? http:// toi.in/QXeLbY pic.twitter.com/LhoIhcKdkt";;;;"792622069259329536";https://twitter.com/timesofindia/status/792622069259329536
;2016-10-30 12:22;27;141;"#MannKiBaat : PM @narendramodi wishes the nation on Diwali pic.twitter.com/NsB6I2u1OS";;@narendramodi;#MannKiBaat;"792620177623920640";https://twitter.com/timesofindia/status/792620177623920640
;2016-10-30 12:15;19;36;"6 lakh SBI customers to get new debit cards http:// toi.in/JvSKLY pic.twitter.com/6EXkjXi2tu";;;;"792618286554886144";https://twitter.com/timesofindia/status/792618286554886144
;2016-10-30 12:00;6;27;"Shiite militias join the battle to take Mosul http:// toi.in/VpBEDZ via @TOIWorld";;@TOIWorld;;"792614516857200640";https://twitter.com/timesofindia/status/792614516857200640
;2016-10-30 11:59;13;60;"Bachchans aren't happy with Ranbir's 'mauke pe chauka' comment about Aishwarya http:// toi.in/wN7Lpb via @TOIEntertain pic.twitter.com/r4Q17ZNnK2";;@TOIEntertain;;"792614432463433729";https://twitter.com/timesofindia/status/792614432463433729
;2016-10-30 11:52;18;40;"Encounter begins in Drugmulla, Kupwara district of J&K, reports ANI. More details awaited.";;;;"792612731400495104";https://twitter.com/timesofindia/status/792612731400495104
;2016-10-30 11:45;42;128;"Slain soldier's hometown will not celebrate Diwali http:// toi.in/CMIgZb pic.twitter.com/wgFXzZ3NYa";;;;"792610737386651648";https://twitter.com/timesofindia/status/792610737386651648
;2016-10-30 11:33;11;32;"PM @narendramodi pays tributes to Guru Nanak during #MannKiBaat programm http:// timesofindia.indiatimes.com/pm-modi-mann-k i-baat/liveblog/55137135.cms …";;@narendramodi;#MannKiBaat;"792607767135596548";https://twitter.com/timesofindia/status/792607767135596548
;2016-10-30 11:32;15;49;"#SardarPatel played an important role in consolidating freedom movement in villages: PM @narendramodi #MannKiBaat http:// timesofindia.indiatimes.com/pm-modi-mann-k i-baat/liveblog/55137135.cms … pic.twitter.com/9cjY7LWY5F";;@narendramodi;#SardarPatel #MannKiBaat;"792607694418948096";https://twitter.com/timesofindia/status/792607694418948096
;2016-10-30 11:30;6;22;"At old age homes, festival cheer intensifies loneliness http:// toi.in/p5AT-a via @TOIAhmedabad pic.twitter.com/MydWjyJ4cE";;@TOIAhmedabad;;"792606962819051521";https://twitter.com/timesofindia/status/792606962819051521
;2016-10-30 11:28;16;52;"PM @narendramodi pays tribute to Sardar Vallabhbhai Patel & Indira Gandhi #MannKiBaat LIVE | http:// timesofindia.indiatimes.com/pm-modi-mann-k i-baat/liveblog/55137135.cms … pic.twitter.com/Eio2vQ914v";;@narendramodi;#MannKiBaat;"792606679854641152";https://twitter.com/timesofindia/status/792606679854641152
;2016-10-30 11:23;13;39;"PM @narendramodi is talking about states making good progress in becoming open defecation free #MannKiBaat LIVE | http:// timesofindia.indiatimes.com/pm-modi-mann-k i-baat/liveblog/55137135.cms … pic.twitter.com/5NHJMmSIVV";;@narendramodi;#MannKiBaat;"792605414474981376";https://twitter.com/timesofindia/status/792605414474981376
;2016-10-30 11:22;23;58;"World leaders are celebrating Diwali and sharing their memories & pictures on different social media platforms: PM @narendramodi #MannKiBaat";;@narendramodi;#MannKiBaat;"792605144093380608";https://twitter.com/timesofindia/status/792605144093380608
;2016-10-30 11:22;78;207;"Our jawans have been sacrificing their lives from last few months. We should celebrate this #Diwali in their name: PM @narendramodi";;@narendramodi;#Diwali;"792605001692524544";https://twitter.com/timesofindia/status/792605001692524544
;2016-10-30 11:15;11;14;"2 more of Mistry’s top hires leave Tata http:// toi.in/hlfDmZ4 via @TOIBusiness pic.twitter.com/USzP7E34W7";;@TOIBusiness;;"792603188293541888";https://twitter.com/timesofindia/status/792603188293541888
;2016-10-30 11:14;6;20;"People from all walks of life shared #Sandesh2Soldiers : PM @narendramodi #MannKiBaat LIVE | http:// timesofindia.indiatimes.com/pm-modi-mann-k i-baat/liveblog/55137135.cms …";;@narendramodi;#Sandesh2Soldiers #MannKiBaat;"792603168588783616";https://twitter.com/timesofindia/status/792603168588783616
;2016-10-30 11:14;16;43;"This #Diwali is dedicated to armed forces: PM @narendramodi #MannKiBaat LIVE | http:// timesofindia.indiatimes.com/pm-modi-mann-k i-baat/liveblog/55137135.cms … pic.twitter.com/MHQj6rRhZi";;@narendramodi;#Diwali #MannKiBaat;"792603104281624577";https://twitter.com/timesofindia/status/792603104281624577
;2016-10-30 11:13;11;40;"Parents, take note. #MannKiBaat LIVE | http:// timesofindia.indiatimes.com/pm-modi-mann-k i-baat/liveblog/55137135.cms … pic.twitter.com/7aet59yLfX";;;#MannKiBaat;"792602863687962624";https://twitter.com/timesofindia/status/792602863687962624
;2016-10-30 11:12;25;94;"PM @narendramodi lauds the courage of our armed forces during #MannKiBaat LIVE | http:// timesofindia.indiatimes.com/pm-modi-mann-k i-baat/liveblog/55137135.cms … pic.twitter.com/H19WZhqiUG";;@narendramodi;#MannKiBaat;"792602491850371072";https://twitter.com/timesofindia/status/792602491850371072
;2016-10-30 11:11;18;25;"PM @narendramodi is talking about his #Sandesh2Soldiers campaign #MannKiBaat LIVE | http:// timesofindia.indiatimes.com/pm-modi-mann-k i-baat/liveblog/55137135.cms …";;@narendramodi;#Sandesh2Soldiers #MannKiBaat;"792602306021687296";https://twitter.com/timesofindia/status/792602306021687296
;2016-10-30 11:10;11;35;"Our festivals carry strong message with them: PM @narendramodi #MannKiBaat LIVE | http:// timesofindia.indiatimes.com/pm-modi-mann-k i-baat/liveblog/55137135.cms … pic.twitter.com/eWIa1yQhAX";;@narendramodi;#MannKiBaat;"792602118968389633";https://twitter.com/timesofindia/status/792602118968389633
;2016-10-30 11:08;8;21;"The need of the hour is not just to clean our house, but also our neighbourhood: PM @narendramodi #MannKiBaat https:// twitter.com/timesofindia/s tatus/792600824165732352 …";;@narendramodi;#MannKiBaat;"792601439734378497";https://twitter.com/timesofindia/status/792601439734378497
;2016-10-30 11:05;14;32;"#Diwali is a festival that is also associated with cleanliness. Everybody cleans their homes: PM @narendramodi #MannKiBaat";;@narendramodi;#Diwali #MannKiBaat;"792600824165732352";https://twitter.com/timesofindia/status/792600824165732352
;2016-10-30 11:04;10;31;"Our festivals are linked closely to nature, food, weather. Everything about a festival is so symbiotic: PM @narendramodi #MannKiBaat";;@narendramodi;#MannKiBaat;"792600495072301057";https://twitter.com/timesofindia/status/792600495072301057
;2016-10-30 11:02;7;40;"#MannKiBaat | PM @narendramodi wishes countrymen a very happy #Diwali pic.twitter.com/2FPwuj3W3N";;@narendramodi;#MannKiBaat #Diwali;"792599928115646465";https://twitter.com/timesofindia/status/792599928115646465
;2016-10-30 11:01;7;23;"PM @narendramodi 's #MannKiBaat programme has begun";;@narendramodi;#MannKiBaat;"792599740298833920";https://twitter.com/timesofindia/status/792599740298833920
;2016-10-30 11:00;10;14;"NIA may question Pakistani IS man held in Europe on 26/11 links http:// toi.in/8Y-sCY65";;;;"792599415034875904";https://twitter.com/timesofindia/status/792599415034875904
;2016-10-30 10:45;11;39;"Cops misled me on Peter Mukerjea’s role in Sheena murder: @Dev_Fadnavis http:// toi.in/xXepxY via @TOIMumbai pic.twitter.com/EX8qTCrq1H";;@Dev_Fadnavis @TOIMumbai;;"792595638793805824";https://twitter.com/timesofindia/status/792595638793805824
;2016-10-30 10:30;27;49;"#Delhi 's air quality at season’s worst, staying indoors advised http:// toi.in/ah_ceb via @TOIDelhi pic.twitter.com/m1kcfpFu9d";;@TOIDelhi;#Delhi;"792591865405071360";https://twitter.com/timesofindia/status/792591865405071360
;2016-10-30 10:15;19;119;"#IndVsNZ #AmitMishra five-for spins India to series win http:// toi.in/FTPdwY via @TOISportsNews pic.twitter.com/w746NYwoia";;@TOISportsNews;#IndVsNZ #AmitMishra;"792588089822547969";https://twitter.com/timesofindia/status/792588089822547969
;2016-10-30 10:00;31;55;"Builders to pay 12% interest if project delayed http:// toi.in/9RvLba pic.twitter.com/rm2dlrUesG";;;;"792584319021768705";https://twitter.com/timesofindia/status/792584319021768705
;2016-10-30 09:45;7;28;". @LalitKModi case: ED gets cash trail info from Mauritius, Singapore http:// toi.in/rT9Dqb pic.twitter.com/q23hRcpuPS";;@LalitKModi;;"792580538758406144";https://twitter.com/timesofindia/status/792580538758406144
;2016-10-30 09:41;47;70;"Chest-thumping and military’s downgrading can’t go together, writes Nalin Mehta http:// blogs.timesofindia.indiatimes.com/academic-inter est/chest-thumping-and-militarys-downgrading-cant-go-together/ … via @TOIOpinion pic.twitter.com/0DUrTAl4tg";;@TOIOpinion;;"792579631459082240";https://twitter.com/timesofindia/status/792579631459082240
;2016-10-30 09:30;22;47;"Facilities to fees, CBSE tells schools to make all info public http:// toi.in/EhOL0Y pic.twitter.com/2KYF5Ejo4N";;;;"792576768855203840";https://twitter.com/timesofindia/status/792576768855203840
;2016-10-30 09:15;30;61;"Tata, Mistry separately met PM @narendramodi after boardroom upheaval http:// toi.in/f-xC7Z via @TOIBusiness pic.twitter.com/9ILDb0mI4T";;@narendramodi @TOIBusiness;;"792572991603441664";https://twitter.com/timesofindia/status/792572991603441664
;2016-10-30 09:00;48;45;"Samajwadi MP’s aide arrested, spied for Pakistan for 20 years http:// toi.in/4KGP3b";;;;"792569219074420736";https://twitter.com/timesofindia/status/792569219074420736
;2016-10-30 08:45;23;104;"'Situation explosive in border area' http:// toi.in/lK33Ba pic.twitter.com/nf8q7gMTyy";;;;"792565442258702338";https://twitter.com/timesofindia/status/792565442258702338
;2016-10-30 08:35;52;154;"#Alert | @BSF_India will not exchange sweets with Pakistan Rangers at Attari Wagah border this #Diwali";;@BSF_India;#Alert #Diwali;"792563094786416640";https://twitter.com/timesofindia/status/792563094786416640
;2016-10-30 08:21;80;224;"#Army keeps promise, destroys 4 Pakistani posts in Keran sector http:// toi.in/UrdUpa pic.twitter.com/ykpQzdi6Ls";;;#Army;"792559597403803648";https://twitter.com/timesofindia/status/792559597403803648
;2016-10-30 08:09;152;576;"We wish our readers a happy and prosperous #Diwali pic.twitter.com/WOhhTEkzrS";;;#Diwali;"792556522416984069";https://twitter.com/timesofindia/status/792556522416984069
;2016-10-30 07:48;24;32;"6 lakh SBI customers to get new debit cards http:// timesofindia.indiatimes.com/india/6-lakh-S BI-customers-to-get-new-debit-cards/articleshow/55136721.cms … pic.twitter.com/NIjft8ysbz";;;;"792551095562145792";https://twitter.com/timesofindia/status/792551095562145792
;2016-10-30 07:27;17;60;"Shiite militias join the battle to take Mosul http:// timesofindia.indiatimes.com/world/middle-e ast/Shiite-militias-join-the-battle-to-take-Mosul/articleshow/55136889.cms … pic.twitter.com/JozTdIiqwD";;;;"792545809480814592";https://twitter.com/timesofindia/status/792545809480814592
;2016-10-30 06:53;9;25;"At old age homes, festival cheer intensifies loneliness http:// timesofindia.indiatimes.com/city/ahmedabad /At-old-age-homes-festival-cheer-intensifies-loneliness/articleshow/55136883.cms … pic.twitter.com/4yC6xo42pp";;;;"792537278438486016";https://twitter.com/timesofindia/status/792537278438486016
;2016-10-30 06:05;48;76;"Slain soldier's hometown will not celebrate Diwali http:// timesofindia.indiatimes.com/india/Slain-so ldiers-hometown-will-not-celebrate-Diwali/articleshow/55136227.cms … pic.twitter.com/aLr8H5rCYU";;;;"792525176558739460";https://twitter.com/timesofindia/status/792525176558739460
;2016-10-30 05:43;12;23;"Centre may rope in banks to boost forest cover http:// timesofindia.indiatimes.com/home/environme nt/the-good-earth/Centre-may-rope-in-banks-to-boost-forest-cover/articleshow/55136637.cms … pic.twitter.com/nbyhZDfvKV";;;;"792519874023071744";https://twitter.com/timesofindia/status/792519874023071744
;2016-10-30 22:10;10;16;"Pakistan violates ceasefire in Kathua, Samba and Jammu | http:// indianexpress.com/article/india/ india-news-india/pakistan-ceasefire-violation-jammu-kathua-bsf-posts-3730173/ … pic.twitter.com/GdfxKdNPSx";;;;"792768235028426752";https://twitter.com/IndianExpress/status/792768235028426752
;2016-10-30 21:50;12;19;"Nawaz Sharif pursuing Narendra Modi’s interests in Pakistan: Imran Khan | http:// indianexpress.com/article/world/ world-news/nawaz-sharif-pursuing-modis-interests-in-pakistan-imran-khan-3729957/ … pic.twitter.com/vOGDOl2cop";;;;"792763003380699136";https://twitter.com/IndianExpress/status/792763003380699136
;2016-10-30 21:00;10;23;"#PHOTOS | @AeDilHaiMushkil vs @ShivaayTheFilm : @karanjohar leaves @ajaydevgn behind at the box office http:// indianexpress.com/photos/enterta inment-gallery/ae-dil-hai-mushkil-vs-shivaay-karan-johar-leaves-ajay-devgn-behind-at-the-box-office-3729613/ … pic.twitter.com/XOut76bmMo";;@AeDilHaiMushkil @ShivaayTheFilm @karanjohar @ajaydevgn;#PHOTOS;"792750413242130433";https://twitter.com/IndianExpress/status/792750413242130433
;2016-10-30 19:04;2;13;"Gold dips in Diwali trade, silver ends flat http:// indianexpress.com/article/busine ss/market/gold-dips-in-diwali-trade-silver-ends-flat-3730023/ … pic.twitter.com/0B6T3G99bU";;;;"792721220852551680";https://twitter.com/IndianExpress/status/792721220852551680
;2016-10-30 19:00;5;5;". @RGVzoomin insults former Prime Ministers via tweets http:// indianexpress.com/article/entert ainment/bollywood/ram-gopal-varma-tweets-rgv-atal-bihari-vajpayee-pv-narsimha-rao-chandra-shekhar-singh-sonia-gandhi-3729698/ … pic.twitter.com/fVw6vsMvsM";;@RGVzoomin;;"792720212978196481";https://twitter.com/IndianExpress/status/792720212978196481
;2016-10-30 18:45;9;24;"J&K: Omar Abdullah condemns school-burning, hits out at govt, separatists http:// indianexpress.com/article/india/ india-news-india/jk-omar-abdullah-condemns-school-burning-hits-out-at-govt-separatists-3730003/ … pic.twitter.com/aPZfIIVMqo";;;;"792716512016470017";https://twitter.com/IndianExpress/status/792716512016470017
;2016-10-30 18:37;9;27;"Maharashtra government announces Rs 15 lakh aid to kin of martyred BSF jawan http:// indianexpress.com/article/india/ india-news-india/maharashtra-government-announces-rs-15-lakh-aid-to-kin-of-martyred-bsf-jawan-3729997/ … pic.twitter.com/STJiYUOi8T";;;;"792714491699965952";https://twitter.com/IndianExpress/status/792714491699965952
;2016-10-30 18:23;4;16;"PM Modi takes up with Australian PM Malcolm Turnbull killing of Indian-origin bus driver Read: http:// indianexpress.com/article/india/ india-news-india/pm-narendra-modi-takes-up-with-australian-malcolm-turnbull-killing-of-indian-origin-bus-driver-3729973/ … pic.twitter.com/q9JBl0SfsT";;;;"792711134075727873";https://twitter.com/IndianExpress/status/792711134075727873
;2016-10-30 18:22;2;7;"China ships still at disputed shoal, fishermen back: Philippines http:// indianexpress.com/article/world/ world-news/china-ships-still-at-disputed-shoal-fishermen-back-philippines-3729976/ … pic.twitter.com/GdAYqzxNQB";;;;"792710877476560896";https://twitter.com/IndianExpress/status/792710877476560896
;2016-10-30 18:19;4;10;"#ieWorld Nawaz Sharif pursuing Modi’s interests in Pakistan: Imran Khan http:// indianexpress.com/article/world/ world-news/nawaz-sharif-pursuing-modis-interests-in-pakistan-imran-khan-3729957/ … pic.twitter.com/p9QwA94Ffo";;;#ieWorld;"792710090646130689";https://twitter.com/IndianExpress/status/792710090646130689
;2016-10-30 18:13;4;11;"J&K Deputy CM visits International Border, celebrates Diwali with BSF jawans http:// indianexpress.com/article/india/ india-news-india/jk-deputy-cm-visits-international-border-celebrates-diwali-with-bsf-jawans-3729956/ … pic.twitter.com/o4IOyewlA1";;;;"792708609767448576";https://twitter.com/IndianExpress/status/792708609767448576
;2016-10-30 18:09;10;23;"Afghanistan: 19 LeT militants killed in airstrikes Read: http:// indianexpress.com/article/world/ world-news/afghanistan-19-let-militants-killed-in-airstrikes-3729929/ … pic.twitter.com/OZ0Yqixw84";;;;"792707522377285632";https://twitter.com/IndianExpress/status/792707522377285632
;2016-10-30 17:57;4;8;"Kerala: Alumni association offers gold coins for culling stray dogs Read: http:// indianexpress.com/article/india/ india-news-india/kerala-alumni-association-offers-gold-coins-for-culling-stray-dogs-3729689/ … pic.twitter.com/2SO4JlNgsI";;;;"792704400586256384";https://twitter.com/IndianExpress/status/792704400586256384
;2016-10-30 17:54;5;7;"#ieWorld UK: 50 families taken to courts in anti-terror drive http:// indianexpress.com/article/world/ world-news/united-kingdom-50-families-taken-to-courts-in-anti-terror-drive-3729920/ …";;;#ieWorld;"792703709075480577";https://twitter.com/IndianExpress/status/792703709075480577
;2016-10-30 17:50;8;6;"#ieWorld Turkey sacks 10,000 more civil servants, shuts 15 media outlets http:// indianexpress.com/article/world/ world-news/turkey-sacks-10k-more-civil-servants-shuts-15-media-outlets-3729903/ … pic.twitter.com/QQCXOBAwPE";;;#ieWorld;"792702725641285632";https://twitter.com/IndianExpress/status/792702725641285632
;2016-10-30 17:35;5;7;"#ieWorld Imran Khan’s 70 supporters held ahead of Islamabad shutdown http:// indianexpress.com/article/world/ world-news/imran-khans-70-supporters-held-ahead-of-islamabad-shutdown-3729876/ … pic.twitter.com/JRDOgdl2d1";;;#ieWorld;"792698942852956165";https://twitter.com/IndianExpress/status/792698942852956165
;2016-10-30 17:24;29;59;"PM Modi: Rs 5,500 crore paid as first OROP installment to ex-servicemen Read: http:// indianexpress.com/article/india/ india-news-india/pm-narendra-modi-rs-5500-crore-paid-as-first-orop-installment-to-ex-servicemen-3729908/ … pic.twitter.com/T4CrmiARhp";;;;"792696282011701248";https://twitter.com/IndianExpress/status/792696282011701248
;2016-10-30 17:19;11;15;"Prime Minister Turnbull expressed shock at the killing and conveyed that the matter is being investigated.";;;;"792694894510825472";https://twitter.com/IndianExpress/status/792694894510825472
;2016-10-30 17:19;12;19;"PM Modi also conveyed a sense of concern being felt in India over recent brutal killing of Manmeet Alisher, a person of Indian origin";;;;"792694861983952896";https://twitter.com/IndianExpress/status/792694861983952896
;2016-10-30 17:19;11;18;"PM Narendra Modi telephoned Malcolm Turnbull, the Prime Minister of Australia today to wish him Diwali greetings.";;;;"792694827330568192";https://twitter.com/IndianExpress/status/792694827330568192
;2016-10-30 17:13;31;48;"19 LeT militants killed, 8 wounded in air strikes in Kunar province, bordering Pakistan, says Afghanistan Ministry of Interior.";;;;"792693485258231808";https://twitter.com/IndianExpress/status/792693485258231808
;2016-10-30 17:10;6;5;"At least 22 killed in Egypt floods: new toll Read: http:// indianexpress.com/article/world/ world-news/at-least-22-killed-in-egypt-floods-new-toll-3729904/ …";;;;"792692670837600256";https://twitter.com/IndianExpress/status/792692670837600256
;2016-10-30 17:09;1;4;"#ieWorld Pirate Party make gains as center-right hangs on in Iceland Read: http:// indianexpress.com/article/world/ world-news/pirate-party-make-gains-as-center-right-hangs-on-in-iceland-3729880/ … pic.twitter.com/Ik5oWjEGer";;;#ieWorld;"792692478415515648";https://twitter.com/IndianExpress/status/792692478415515648
;2016-10-30 17:09;0;3;"Mumbai: Fire in residential building on P D’Mello Road, no injuries http:// indianexpress.com/article/india/ india-news-india/fire-in-a-residential-building-dmello-road-no-injuries-3729886/ … pic.twitter.com/AS4pnvCN91";;;;"792692397175996416";https://twitter.com/IndianExpress/status/792692397175996416
;2016-10-30 16:59;4;9;"UP: Stampede at CM Akhilesh Yadav's Janata Darbar programme, six hurt http:// indianexpress.com/article/india/ india-news-india/uttar-pradesh-stampede-at-cm-akhilesh-yadav-janata-darbar-programme-3729814/ … pic.twitter.com/Whlt37d2X9";;;;"792689990308237312";https://twitter.com/IndianExpress/status/792689990308237312
;2016-10-30 16:56;0;5;"Uttar Pradesh: Man arrested for kidnapping minor http:// indianexpress.com/article/india/ india-news-india/uttar-pradesh-man-arrested-for-kidnapping-minor-3729884/ …";;;;"792689043074977793";https://twitter.com/IndianExpress/status/792689043074977793
;2016-10-30 16:55;3;13;"No corruption in steel flyover project, says Siddaramaiah http:// indianexpress.com/article/india/ india-news-india/no-corruption-in-steel-flyover-project-says-siddaramaiah-3729862/ … pic.twitter.com/x2XtGg2N1N";;;;"792688752996909056";https://twitter.com/IndianExpress/status/792688752996909056
;2016-10-30 16:52;8;27;"Mamata Banerjee performs Kali Puja at home in Kalighat http:// indianexpress.com/article/india/ india-news-india/mamata-banerjee-performs-kali-puja-at-home-in-kalighat-3729837/ … pic.twitter.com/RFKd3woxDX";;;;"792688181107765248";https://twitter.com/IndianExpress/status/792688181107765248
;2016-10-30 16:48;2;7;"#ieWorld EU-Canada ready to sign long-delayed trade pact http:// indianexpress.com/article/world/ world-news/eu-canada-ready-to-sign-long-delayed-trade-pact-3729861/ … pic.twitter.com/nY0itAFNce";;;#ieWorld;"792687108028706816";https://twitter.com/IndianExpress/status/792687108028706816
;2016-10-30 16:42;9;6;"#ieWorld Saudi-led raid kills 60 at Yemen security site, prison: Official Read: http:// indianexpress.com/article/world/ world-news/saudi-led-raid-kills-60-at-yemen-security-site-prison-official-3729852/ … pic.twitter.com/omuzWGppKH";;;#ieWorld;"792685503573209088";https://twitter.com/IndianExpress/status/792685503573209088
;2016-10-30 16:35;7;14;"Deep Kumar Upadhyay re-appointed as Nepal’s envoy to India http:// indianexpress.com/article/india/ india-news-india/deep-kumar-upadhyay-re-appointed-as-nepals-envoy-to-india-3729789/ … pic.twitter.com/oPP3iL0bc2";;;;"792683747426447360";https://twitter.com/IndianExpress/status/792683747426447360
;2016-10-30 16:34;18;5;"Uttar Pradesh: Minor girl raped, murdered at Banda district http:// indianexpress.com/article/india/ india-news-india/uttar-pradesh-minor-girl-raped-murdered-at-banda-district-3729853/ … pic.twitter.com/GAtkwb1iv7";;;;"792683581009080322";https://twitter.com/IndianExpress/status/792683581009080322
;2016-10-30 16:25;17;39;"Lt General DS Hooda greets soldiers on Diwali http:// indianexpress.com/article/india/ india-news-india/army-lt-general-ds-hooda-greets-soldiers-on-diwali-3729826/ … pic.twitter.com/3Yl3ZWtV0x";;;;"792681314377838592";https://twitter.com/IndianExpress/status/792681314377838592
;2016-10-30 16:25;12;15;"Rebel rockets kill 38 civilians in Aleppo: British monitor Read: http:// indianexpress.com/article/world/ world-news/rebel-rockets-kill-38-civilians-in-aleppo-british-monitor-3729829/ … pic.twitter.com/4u1dfa87qG";;;;"792681217938235392";https://twitter.com/IndianExpress/status/792681217938235392
;2016-10-30 16:20;1;4;"AIIMS’ set to revise beneficiaries under its Adopt a Patient programme http:// indianexpress.com/article/india/ india-news-india/aiims-set-to-revise-beneficiaries-under-its-adopt-a-patient-programme-3729799/ … pic.twitter.com/gl4NKpEw2r";;;;"792680072448573440";https://twitter.com/IndianExpress/status/792680072448573440
;2016-10-30 16:17;9;31;"PM Narendra Modi greets people on Diwali http:// indianexpress.com/article/india/ india-news-india/pm-narendra-modi-greets-people-on-diwali-3729781/ … pic.twitter.com/zvwaH6fXNW";;;;"792679302454140928";https://twitter.com/IndianExpress/status/792679302454140928
;2016-10-30 16:12;3;7;"#SundayEye Down in jungleland: A New Avatar http:// indianexpress.com/article/lifest yle/life-style/down-in-jungleland-a-new-avatar-wild-animals-traits-habitats-and-problems-3729093/ … pic.twitter.com/xogj0dbMYJ";;;#SundayEye;"792678143194607616";https://twitter.com/IndianExpress/status/792678143194607616
;2016-10-30 16:11;6;7;"BREAKING | Mumbai: Fire broke out in Sai Niwas building, Pd Mello road. 8 fire engines, 5 tankers at the spot.";;;;"792677834594496512";https://twitter.com/IndianExpress/status/792677834594496512
;2016-10-30 16:08;5;7;"Uttar Pradesh: Stampede at CM Akhilesh Yadav's Janata Darbar programme http:// indianexpress.com/article/india/ india-news-india/uttar-pradesh-stampede-at-cm-akhilesh-yadav-janata-darbar-programme-3729814/ … pic.twitter.com/EkNRTOIWwU";;;;"792676953203494912";https://twitter.com/IndianExpress/status/792676953203494912
;2016-10-30 16:04;5;12;"Akhilesh Yadav meets ram Gopal Yadav on Diwali, discusses Samajwadi Party feud Read: http:// indianexpress.com/article/india/ india-news-india/akhilesh-yadav-meets-ram-gopal-yadav-on-diwali-discusses-samajwadi-party-feud-3729812/ … pic.twitter.com/obVgen9bri";;;;"792676082180694016";https://twitter.com/IndianExpress/status/792676082180694016
;2016-10-30 16:02;7;10;"IT initiative connects 15,000 Kerala schools on wiki platform Read: http:// indianexpress.com/article/educat ion/it-initiative-connects-15000-kerala-schools-on-wiki-platform-3729805/ …";;;;"792675588091760641";https://twitter.com/IndianExpress/status/792675588091760641
;2016-10-30 15:58;5;8;"North east monsoon sets in Tamil Nadu http:// indianexpress.com/article/india/ india-news-india/north-east-monsoon-sets-in-tamil-nadu-3729791/ … pic.twitter.com/90r0TKHn32";;;;"792674459920412676";https://twitter.com/IndianExpress/status/792674459920412676
;2016-10-30 15:44;3;5;"IS claims responsibility for fatal stabbing in Hamburg Read: http:// indianexpress.com/article/world/ world-news/is-claims-responsibility-for-fatal-stabbing-in-hamburg-3729800/ … pic.twitter.com/W74Ybk3fV0";;;;"792671068422942720";https://twitter.com/IndianExpress/status/792671068422942720
;2016-10-30 15:41;14;22;"MN Sharma, first chief architect of Chandigarh, dies at 93 http:// indianexpress.com/article/india/ india-news-india/mn-sharma-first-chief-architect-of-chandigarh-dies-at-93/ … pic.twitter.com/tw8qeztM8W";;;;"792670224868777984";https://twitter.com/IndianExpress/status/792670224868777984
;2016-10-30 15:35;4;6;"Three killed, 16 injured after vehicle falls into well in Kota Read: http:// indianexpress.com/article/india/ india-news-india/three-killed-16-injured-after-vehicle-falls-into-well-in-kota-3729787/ … pic.twitter.com/3dvHVheP6Z";;;;"792668818204073984";https://twitter.com/IndianExpress/status/792668818204073984
;2016-10-30 15:33;0;2;"Uttar Pradesh: Two run over by train http:// indianexpress.com/article/india/ india-news-india/uttar-pradesh-two-run-over-by-train-3729780/ … pic.twitter.com/wYkVrFZDA0";;;;"792668264144834560";https://twitter.com/IndianExpress/status/792668264144834560
;2016-10-30 15:30;33;14;"Kerala: 910 rape cases reported in six months http:// indianexpress.com/article/india/ india-news-india/kerala-910-rape-cases-reported-in-six-months-3729778/ … pic.twitter.com/HRdpKxF37v";;;;"792667578183196672";https://twitter.com/IndianExpress/status/792667578183196672
;2016-10-30 15:30;7;3;"Afghanistan: 25 insurgents killed in airstrike in eastern Nangarhar province http:// indianexpress.com/article/india/ india-news-india/afghanistan-25-insurgents-killed-in-airstrike-eastern-nangarhar-province-3729785/ … pic.twitter.com/6AWtKDYSYq";;;;"792667468867051524";https://twitter.com/IndianExpress/status/792667468867051524
;2016-10-30 15:20;31;51;"#Sandesh2Soldiers @narendramodi celebrates Diwali with Indian Army in Himachal Pradesh #PHOTOS http:// indianexpress.com/photos/india-n ews/pm-narendra-modi-indian-army-chango-village-himachal-pradesh-sandesh-for-soldiers-diwali-celebrations-3729731/5/ … pic.twitter.com/5Ys6QK8SNM";;@narendramodi;#Sandesh2Soldiers #PHOTOS;"792664928603611136";https://twitter.com/IndianExpress/status/792664928603611136
;2016-10-30 15:09;65;97;"#Sandesh2Soldiers PM Modi celebrates #Diwali with soldiers; ‘When you guard the border, people sleep without fear’ http:// indianexpress.com/article/india/ india-news-india/diwali-modi-soldiers-when-you-guard-the-border-people-sleep-without-fear-pm/ … pic.twitter.com/ABoQi4Qn6b";;;#Sandesh2Soldiers #Diwali;"792662266407628800";https://twitter.com/IndianExpress/status/792662266407628800
;2016-10-30 15:08;12;9;"Severe drought looming over Kerala http:// indianexpress.com/article/india/ india-news-india/kerala-monsoon-severe-drought-looming-over-3729772/ … pic.twitter.com/ReoYLFe9Bo";;;;"792662042893094913";https://twitter.com/IndianExpress/status/792662042893094913
;2016-10-30 14:49;15;30;"BJP urges security agencies to nab those conspiring against India http:// indianexpress.com/article/india/ india-news-india/bjp-urges-security-agencies-to-nab-those-conspiring-against-india-3729762/ … pic.twitter.com/91aUWRQxTJ";;;;"792657079659929601";https://twitter.com/IndianExpress/status/792657079659929601
;2016-10-30 14:41;18;19;"Kashmir: Another school building set on fire in Anantnag district http:// indianexpress.com/article/india/ india-news-india/kashmir-another-school-building-set-on-fire-3729733/ … pic.twitter.com/cL8jGwgmKe";;;;"792655232270372865";https://twitter.com/IndianExpress/status/792655232270372865
;2016-10-30 14:39;10;44;"PM Modi Mann Ki Baat: Guru Nanak's teachings are for humanity http:// indianexpress.com/article/india/ india-news-india/pm-modi-diwali-mann-ki-baat-guru-nanaks-teachings-are-for-humanity-3729734/ … pic.twitter.com/cYKaPf2O4k";;;;"792654711945998336";https://twitter.com/IndianExpress/status/792654711945998336
;2016-10-30 14:34;22;60;"PM Modi celebrates Diwali with jawans of ITBP, Indian Army in Himachal http:// indianexpress.com/article/india/ india-news-india/pm-modi-celebrates-diwali-with-jawans-of-itbp-indian-army-in-himachal-3729713/ … pic.twitter.com/Hy83PBL1sx";;;;"792653480288628737";https://twitter.com/IndianExpress/status/792653480288628737
;2016-10-30 14:26;5;7;"Andhra Pradesh: Decomposed body of engineering student found http:// indianexpress.com/article/india/ india-news-india/andhra-pradesh-body-of-engineering-student-found-3729714/ … pic.twitter.com/vW5gYQOgU4";;;;"792651480306102272";https://twitter.com/IndianExpress/status/792651480306102272
;2016-10-30 14:25;10;21;"Free wifi facility begins in Daman-Diu Read: http:// indianexpress.com/article/india/ india-news-india/free-wifi-facility-begins-in-daman-diu-3729711/ … pic.twitter.com/tpum0pR5Fb";;;;"792651124947849217";https://twitter.com/IndianExpress/status/792651124947849217
;2016-10-30 14:20;4;17;"BJP chides Rahul Gandhi, says army close to PM Modi’s heart http:// indianexpress.com/article/india/ india-news-india/bjp-chides-rahul-gandhi-says-army-close-to-pm-modis-heart-3729707/ … pic.twitter.com/KEaO0sRFBi";;;;"792649884662771712";https://twitter.com/IndianExpress/status/792649884662771712
;2016-10-30 14:03;9;25;"@BiggBoss 10 October 31st episode preview: @bharti_lalli , #KaranWahi grill contestants with @BeingSalmanKhan http:// indianexpress.com/article/entert ainment/bigg-boss-season-10/bharti-singh-karan-wahi-salman-khan-bigg-boss-10-3729687/ … pic.twitter.com/yeyfbQ5lj6";;@BiggBoss @bharti_lalli @BeingSalmanKhan;#KaranWahi;"792645580094705664";https://twitter.com/IndianExpress/status/792645580094705664
;2016-10-30 13:58;12;20;"Islamic preacher Zakir Naik’s father dies aged 87 http:// indianexpress.com/article/india/ india-news-india/islamic-preacher-zakir-naiks-father-dies-aged-87-3729686/ … pic.twitter.com/91buss7ujA";;;;"792644282494484480";https://twitter.com/IndianExpress/status/792644282494484480
;2016-10-30 13:53;10;21;"Yes, I will watch Ae Dil Hai Mushkil. It will be my contribution to the Army fund: Arrested MNS protestor http:// indianexpress.com/article/india/ india-news-india/yes-i-will-watch-ae-dil-hai-mushkil-it-will-be-my-contribution-to-the-army-fund-arrested-mns-protestor-3729360/ … pic.twitter.com/brWDx2uCP5";;;;"792643101328154624";https://twitter.com/IndianExpress/status/792643101328154624
;2016-10-30 13:39;0;3;"#ieWorld Moldovans elect president for first time in 20 years. http:// indianexpress.com/article/world/ world-news/moldova-elect-president-for-first-time-in-20-years-3729680/ … pic.twitter.com/CBE2e9ORhy";;;#ieWorld;"792639517173833728";https://twitter.com/IndianExpress/status/792639517173833728
;2016-10-30 13:34;3;6;"Security forces exchange fire with militants in Kupwara, encounter underway http:// indianexpress.com/article/india/ india-news-india/security-forces-exchange-fire-with-militants-in-kupwara-encounter-underway-3729681/ … pic.twitter.com/QnnUjwWjef";;;;"792638303765803008";https://twitter.com/IndianExpress/status/792638303765803008
;2016-10-30 13:12;1;13;"@SrBachchan , @akshaykumar , @aamir_khan , @priyankachopra many others wished their fans a very happy #Diwali . http:// indianexpress.com/article/entert ainment/bollywood/alia-bhatt-amitabh-bachchan-hrithik-roshan-priyanka-chopra-diwali-celebrities-3729634/ … pic.twitter.com/3NVNhdB3Xv";;@SrBachchan @akshaykumar @aamir_khan @priyankachopra;#Diwali;"792632633519931392";https://twitter.com/IndianExpress/status/792632633519931392
;2016-10-30 13:04;7;12;"Update: Quake strikes central Italy measuring 6.6 in magnitude http:// indianexpress.com/article/world/ world-news/earthquake-measuring-7-1-magnitude-strikes-central-italy-3729665/ … pic.twitter.com/5LD6lV28L6";;;;"792630726726291458";https://twitter.com/IndianExpress/status/792630726726291458
;2016-10-30 12:56;41;54;"Villagers near Bengaluru have taken this 4-tonne elephant under their care and are doing all they can to save him. http:// indianexpress.com/article/india/ india-news-india/karnataka-rallies-around-dying-tusker-who-has-been-injured-for-more-that-50-days-3729239/ … pic.twitter.com/7QplLMDVRS";;;;"792628833635618817";https://twitter.com/IndianExpress/status/792628833635618817
;2016-10-30 12:48;19;11;"#ieWorld Quake measuring 7.1 magnitude strikes central Italy. http:// indianexpress.com/article/world/ world-news/earthquake-measuring-7-1-magnitude-strikes-central-italy-3729665/ … pic.twitter.com/zEInQ5B113";;;#ieWorld;"792626737355993088";https://twitter.com/IndianExpress/status/792626737355993088
;2016-10-30 12:46;12;14;"Earthquake measuring 7.1 magnitude strikes central Italy: Reuters.";;;;"792626127369965568";https://twitter.com/IndianExpress/status/792626127369965568
;2016-10-30 12:29;6;10;"#ieWorld Turkey sacks more than 10,000 civil servants over links with failed coup. http:// indianexpress.com/article/world/ world-news/turkey-sacks-more-than-10000-civil-servants-over-links-with-failed-coup-3729645/ … pic.twitter.com/S427nOVRZS";;;#ieWorld;"792621856817762304";https://twitter.com/IndianExpress/status/792621856817762304
;2016-10-30 12:21;6;21;". @AeDilHaiMushkil box office collection day 2: Ranbir Kapoor-starrer earns Rs 26.40 cr http:// indianexpress.com/article/entert ainment/bollywood/ae-dil-hai-mushkil-box-office-day-2-ranbir-kapoor-karan-johar-anushka-sharma-3728612/ … pic.twitter.com/KZ2mD3Dpxs";;@AeDilHaiMushkil;;"792619906441224192";https://twitter.com/IndianExpress/status/792619906441224192
;2016-10-30 12:08;7;6;"#ieWorld 'Unfit' Donald Trump has made presidential campaign crude: US Vice President Joe Biden. http:// indianexpress.com/article/world/ world-news/unfit-donald-trump-has-made-presidential-campaign-crude-us-vice-president-joe-biden-3729632/ … pic.twitter.com/PTt5M4PfJv";;;#ieWorld;"792616664248426496";https://twitter.com/IndianExpress/status/792616664248426496
;2016-10-30 11:59;26;26;"Martyr Mandeep Singh consigned to flames at native village in Kurukshetra http:// indianexpress.com/article/india/ india-news-india/martyr-mandeep-singh-consigned-to-flames-at-native-village-in-kurukshetra-3729609/ … pic.twitter.com/zgmhi5Z1cF";;;;"792614269892243456";https://twitter.com/IndianExpress/status/792614269892243456
;2016-10-30 11:56;4;11;"#ieWorld Justice Department advised FBI against Clinton email letter. http:// indianexpress.com/article/world/ world-news/justice-department-us-presidential-elections-advised-fbi-against-hillary-clinton-email-letter-3729620/ … pic.twitter.com/oIgylShu7U";;;#ieWorld;"792613709956780032";https://twitter.com/IndianExpress/status/792613709956780032
;2016-10-30 11:48;6;15;"Afghanistan military death rate rises in 2016: Watchdog http:// indianexpress.com/article/world/ world-news/afghanistan-military-death-rate-sigar-rises-in-2016-watchdog-3729610/ … pic.twitter.com/tatMVvvEbH";;;;"792611541509996544";https://twitter.com/IndianExpress/status/792611541509996544
;2016-10-30 11:31;3;3;"#ieWorld Iraq forces launch operation to cut Mosul off from Syria. http:// indianexpress.com/article/world/ world-news/iraq-forces-shiite-militias-launch-operation-to-cut-mosul-off-islamic-state-from-syria-3729596/ … pic.twitter.com/Fcj1stSuXV";;;#ieWorld;"792607286288003072";https://twitter.com/IndianExpress/status/792607286288003072
;2016-10-30 11:31;139;124;"#ENTERTAINMENT | A fan’s letter to @karanjohar after watching @AeDilHaiMushkil : Surviving your film was mushkil http:// indianexpress.com/article/entert ainment/bollywood/karan-johar-ae-dil-hai-mushkil-ranbir-kapoor-anushka-sharma-3729591/ … pic.twitter.com/KnvXWaIpmi";;@karanjohar @AeDilHaiMushkil;#ENTERTAINMENT;"792607273663115265";https://twitter.com/IndianExpress/status/792607273663115265
;2016-10-30 11:28;2;7;"Genting Dream: 18-deck luxury cruise liner drops anchor in Mumbai http:// indianexpress.com/photos/picture -gallery-others/genting-dream-cruise-liner-ship-launched-devendra-fadnavis-nitin-gadkari-thatcher-brown-in-mumbai-port-photos-pictures-images-to-boost-international-tourism-3729566/5/ … pic.twitter.com/c8yocqRTrN";;;;"792606620119207936";https://twitter.com/IndianExpress/status/792606620119207936
;2016-10-30 11:23;8;13;"For a girl and long-lost father, ‘dreams’ do come true http:// indianexpress.com/article/india/ india-news-india/for-a-girl-and-long-lost-father-dreams-do-come-true-3729402/ … pic.twitter.com/l9uvktnG7i";;;;"792605406568681472";https://twitter.com/IndianExpress/status/792605406568681472
;2016-10-30 11:22;7;15;"LIVE | Mann Ki Baat: Dedicate this Diwali to our jawans, says Modi http:// indianexpress.com/article/india/ india-news-india/mann-ki-baat-25th-edition-narendra-modi-radio-air-live-updates-3729534/ … pic.twitter.com/sEYy4yv7Ds";;;;"792605161810120704";https://twitter.com/IndianExpress/status/792605161810120704
;2016-10-30 11:17;5;10;"#InPics Genting Dream: 18-deck luxury cruise liner drops anchor in Mumbai. http:// indianexpress.com/photos/picture -gallery-others/genting-dream-cruise-liner-ship-launched-devendra-fadnavis-nitin-gadkari-thatcher-brown-in-mumbai-port-photos-pictures-images-to-boost-international-tourism-3729566/ … pic.twitter.com/dcKzxvGgsN";;;#InPics;"792603850863620097";https://twitter.com/IndianExpress/status/792603850863620097
;2016-10-30 11:04;3;13;"LIVE | Mann Ki Baat: Prime Minister Narendra Modi addresses the nation http:// indianexpress.com/article/india/ india-news-india/mann-ki-baat-25th-edition-narendra-modi-radio-air-live-updates-3729534/ … pic.twitter.com/XK3XM1GOqk";;;;"792600493327458304";https://twitter.com/IndianExpress/status/792600493327458304
;2016-10-30 10:38;13;19;"Inside track: Poll strategist Prashant Kishor unwanted by the Congress? http:// indianexpress.com/article/opinio n/columns/prashant-kishor-priyanka-gandhi-pranab-mukherjee-narendra-modi-abdul-basit-samajwadi-party-3729381/ … pic.twitter.com/QlP2gjYVYk";;;;"792594040692748289";https://twitter.com/IndianExpress/status/792594040692748289
;2016-10-30 10:36;7;7;"#ieWorld Vietnam reports first microcephaly case likely linked to Zika: Government agency. http:// indianexpress.com/article/world/ world-news/vietnam-reports-first-microcephaly-case-likely-linked-to-zika-government-agency-3729543/ … pic.twitter.com/tzEE3FNbTl";;;#ieWorld;"792593414332088322";https://twitter.com/IndianExpress/status/792593414332088322
;2016-10-30 10:10;16;39;"No exchange of sweets between BSF and Pakistani Rangers this Diwali http:// indianexpress.com/article/india/ india-news-india/no-exchange-of-sweets-between-bsf-and-pakistani-rangers-this-diwali-3729530/ … pic.twitter.com/IzUGLtGEac";;;;"792586881967861760";https://twitter.com/IndianExpress/status/792586881967861760
;2016-10-30 09:50;15;44;"India to take up burning of bus driver with Australian government: Sushma Swaraj. http:// indianexpress.com/article/india/ india-news-india/india-to-take-up-with-australian-government-burning-of-bus-driver-sushma-swaraj-3729520/ … pic.twitter.com/Oq0V5bxH5U";;;;"792581904834793472";https://twitter.com/IndianExpress/status/792581904834793472
;2016-10-30 09:48;13;23;"#ExpressOpinion Retroactive taxation: One of the biggest mistakes of Modi govt, writes @tavleen_singh http:// indianexpress.com/article/opinio n/columns/narendra-modi-world-bank-report-ease-of-doing-business-economy-3729382/ … pic.twitter.com/cH9e8H5j6h";;@tavleen_singh;#ExpressOpinion;"792581488399134720";https://twitter.com/IndianExpress/status/792581488399134720
;2016-10-30 09:41;4;9;"#ExpressOpinion @PChidambaram_IN writes: India's rank in World Bank's ease of doing biz list is disappointing http:// indianexpress.com/article/opinio n/columns/world-bank-report-ease-of-doing-business-india-3729369/ …";;@PChidambaram_IN;#ExpressOpinion;"792579716595142656";https://twitter.com/IndianExpress/status/792579716595142656
;2016-10-30 09:39;7;13;"Australia tightens refugee policy, moves to ban asylum seekers from ever visiting http:// indianexpress.com/article/world/ australia-tightens-refugee-policy-moves-to-ban-asylum-seekers-from-ever-visiting-3729499/ … pic.twitter.com/W0vMxTmsF9";;;;"792579169708150785";https://twitter.com/IndianExpress/status/792579169708150785
;2016-10-30 09:38;6;5;"US Election 2016: Hillary Clinton slams FBI director’s ‘unprecedented’ manner of announcing Email review http:// indianexpress.com/article/world/ us-election-2016-hillary-clinton-slams-fbi-directors-unprecedented-manner-of-announcing-email-review-3729509/ … pic.twitter.com/Hin3kuGLg5";;;;"792578973402222593";https://twitter.com/IndianExpress/status/792578973402222593
;2016-10-30 09:36;24;32;"A more polluted Diwali than last one: Delhi air quality severe, about to get worse http:// indianexpress.com/article/cities /delhi/a-more-polluted-diwali-than-last-one-delhi-air-quality-severe-about-to-get-worse-3729394/ … pic.twitter.com/Y6iyAE7pyC";;;;"792578446023020544";https://twitter.com/IndianExpress/status/792578446023020544
;2016-10-30 09:30;25;48;"I’m for permanent ban…Pak actors are taken for extra market. Reason is economic, not creative: Gajendra Chauhan http:// indianexpress.com/article/india/ india-news-india/im-for-permanent-ban-pak-actors-are-taken-for-extra-market-reason-is-economic-not-creative-gajendra-chauhan-3729296/ … pic.twitter.com/gcSrRcrDh8";;;;"792577003752873985";https://twitter.com/IndianExpress/status/792577003752873985
;2016-10-30 08:56;93;120;"United Nations headquarters lights up for Diwali http:// indianexpress.com/article/india/ india-news-india/united-nations-headquarters-diwali-greetings-3729489/ … pic.twitter.com/hcDpqXmxaV";;;;"792568337536430080";https://twitter.com/IndianExpress/status/792568337536430080
;2016-10-30 08:51;55;73;"JUST IN | We will not exchange sweets with Pakistan Rangers at Attari Wagah border this Diwali: BSF";;;;"792567184455143424";https://twitter.com/IndianExpress/status/792567184455143424
;2016-10-30 08:34;4;7;"Yemen: Dozens feared dead after Saudi-led airstrikes batter prisons http:// indianexpress.com/article/world/ yemen-dozens-feared-dead-after-saudi-led-airstrikes-batter-prisons-3729487/ … pic.twitter.com/5cdKxVisSg";;;;"792562892058992641";https://twitter.com/IndianExpress/status/792562892058992641
;2016-10-30 08:32;3;7;"#ieWorld Canadian PM Justin Trudeau's plane returns to Ottawa shortly after takeoff. http:// indianexpress.com/article/world/ world-news/canadian-pm-justin-trudeau-belgium-europe-plane-returns-to-ottawa-shortly-after-takeoff-3729493/ … pic.twitter.com/07heC0GoZm";;;#ieWorld;"792562380404252672";https://twitter.com/IndianExpress/status/792562380404252672
;2016-10-30 08:26;3;15;"#ieWorld Pakistan army officer dies, another hurt after falling into ditch. http:// indianexpress.com/article/world/ world-news/pakistan-army-officer-dies-another-hurt-after-falling-into-ditch-3729488/ … pic.twitter.com/S1MgrAWTwN";;;#ieWorld;"792560664950693888";https://twitter.com/IndianExpress/status/792560664950693888
;2016-10-30 08:20;3;7;"Sheena Bora murder case: Was given impression Peter had no role in murder, says Fadnavis http:// indianexpress.com/article/india/ india-news-india/sheena-bora-murder-case-was-given-impression-peter-had-no-role-in-murder-says-fadnavis-3729430/ … pic.twitter.com/I5RRVOLfk7";;;;"792559161477169152";https://twitter.com/IndianExpress/status/792559161477169152
;2016-10-30 08:13;2;10;"#SundayStory Being Akhilesh: From a reluctant starter to heading Uttar Pradesh as youngest chief minister http:// indianexpress.com/article/india/ india-news-india/akhilesh-yadav-mulayam-singh-yadav-shivpal-yadav-amar-singh-samajwadi-party-family-feud-3729226/ …";;;#SundayStory;"792557411022221312";https://twitter.com/IndianExpress/status/792557411022221312
;2016-10-30 07:59;2;5;"Political activist among six dead in car explosion in eastern Libya http:// indianexpress.com/article/world/ political-activist-among-six-dead-in-car-explosion-in-eastern-libya-3729475/ … pic.twitter.com/qeGHTkoWuz";;;;"792553925966569472";https://twitter.com/IndianExpress/status/792553925966569472
;2016-10-30 07:57;1;6;"#ieWorld Center-right party leads in Iceland national election. http:// indianexpress.com/article/world/ world-news/center-right-party-pirates-independence-leads-in-iceland-national-election-3729476/ … pic.twitter.com/DhMM51kbvw";;;#ieWorld;"792553576765587457";https://twitter.com/IndianExpress/status/792553576765587457
;2016-10-30 07:46;2;6;"#ieWorld Serbia's Prime Minister moved to safety after weapons found near home. http:// indianexpress.com/article/world/ world-news/serbia-pm-aleksandar-vucic-moved-to-safety-after-weapons-found-near-home-3729470/ … pic.twitter.com/LPziRUDTIj";;;#ieWorld;"792550710084677632";https://twitter.com/IndianExpress/status/792550710084677632
;2016-10-30 07:10;3;11;"#ExpressFrontPage Aide to Samajwadi Party MP arrested in Pakistan spy ring probe http:// indianexpress.com/article/india/ india-news-india/aide-to-samajwadi-party-mp-arrested-in-pakistan-spy-ring-probe-3729389/ … pic.twitter.com/OAfptdQX8W";;;#ExpressFrontPage;"792541531798315009";https://twitter.com/IndianExpress/status/792541531798315009
;2016-10-30 07:00;9;23;"#ExpressFrontPage PM Modi to present Ramnath Goenka journalism awards on Wednesday http:// indianexpress.com/article/india/ india-news-india/pm-modi-to-present-ramnath-goenka-journalism-awards-on-wednesday-3729116/ … pic.twitter.com/uoGWIpNum4";;;#ExpressFrontPage;"792539016050515969";https://twitter.com/IndianExpress/status/792539016050515969
;2016-10-30 06:55;10;14;"#ExpressFrontPage In village of soldiers, anger mounts over mutilation http:// indianexpress.com/article/india/ india-news-india/in-village-of-soldiers-anger-mounts-over-mutilation/ … pic.twitter.com/a6M97UTsrO";;;#ExpressFrontPage;"792537758942179328";https://twitter.com/IndianExpress/status/792537758942179328
;2016-10-30 06:45;3;7;"Sports federations must be NGOs with NITI Aayog for govt funds http:// indianexpress.com/article/sports /sport-others/from-today-sports-federations-must-be-ngos-for-govt-funds-3729384/ … pic.twitter.com/Ty052re8xq";;;;"792535244553334784";https://twitter.com/IndianExpress/status/792535244553334784
;2016-10-30 06:30;10;12;"#ExpressFrontPage Day after mutilation of soldier’s body: Four Pakistan posts across LoC destroyed, says Army http:// indianexpress.com/article/india/ india-news-india/day-after-mutilation-of-soldiers-body-four-pakistan-posts-across-loc-destroyed-says-army-3729414/ … pic.twitter.com/9kfw8Ya9eJ";;;#ExpressFrontPage;"792531469377933312";https://twitter.com/IndianExpress/status/792531469377933312
;2016-10-30 06:00;17;39;"Good morning. This is the #ExpressFrontPage for today. Read stories here: http:// indianexpress.com / pic.twitter.com/jGVqAJZhHe";;;#ExpressFrontPage;"792523921186631680";https://twitter.com/IndianExpress/status/792523921186631680